datetime,water_level
2021-03-20 00:00:00,0.28
2021-03-20 00:06:00,0.274
2021-03-20 00:12:00,0.266
2021-03-20 00:18:00,0.264
2021-03-20 00:24:00,0.258
2021-03-20 00:30:00,0.25
2021-03-20 00:36:00,0.254
2021-03-20 00:42:00,0.243
2021-03-20 00:48:00,0.24
2021-03-20 00:54:00,0.23
2021-03-20 01:00:00,0.224
2021-03-20 01:06:00,0.218
2021-03-20 01:12:00,0.209
2021-03-20 01:18:00,0.204
2021-03-20 01:24:00,0.197
2021-03-20 01:30:00,0.182
2021-03-20 01:36:00,0.174
2021-03-20 01:42:00,0.166
2021-03-20 01:48:00,0.154
2021-03-20 01:54:00,0.143
2021-03-20 02:00:00,0.129
2021-03-20 02:06:00,0.119
2021-03-20 02:12:00,0.113
2021-03-20 02:18:00,0.106
2021-03-20 02:24:00,0.098
2021-03-20 02:30:00,0.094
2021-03-20 02:36:00,0.092
2021-03-20 02:42:00,0.081
2021-03-20 02:48:00,0.081
2021-03-20 02:54:00,0.076
2021-03-20 03:00:00,0.07
2021-03-20 03:06:00,0.068
2021-03-20 03:12:00,0.066
2021-03-20 03:18:00,0.063
2021-03-20 03:24:00,0.059
2021-03-20 03:30:00,0.049
2021-03-20 03:36:00,0.047
2021-03-20 03:42:00,0.045
2021-03-20 03:48:00,0.04
2021-03-20 03:54:00,0.034
2021-03-20 04:00:00,0.028
2021-03-20 04:06:00,0.026
2021-03-20 04:12:00,0.023
2021-03-20 04:18:00,0.022
2021-03-20 04:24:00,0.02
2021-03-20 04:30:00,0.024
2021-03-20 04:36:00,0.023
2021-03-20 04:42:00,0.026
2021-03-20 04:48:00,0.027
2021-03-20 04:54:00,0.029
2021-03-20 05:00:00,0.028
2021-03-20 05:06:00,0.025
2021-03-20 05:12:00,0.025
2021-03-20 05:18:00,0.025
2021-03-20 05:24:00,0.025
2021-03-20 05:30:00,0.029
2021-03-20 05:36:00,0.032
2021-03-20 05:42:00,0.032
2021-03-20 05:48:00,0.033
2021-03-20 05:54:00,0.034
2021-03-20 06:00:00,0.039
2021-03-20 06:06:00,0.041
2021-03-20 06:12:00,0.044
2021-03-20 06:18:00,0.043
2021-03-20 06:24:00,0.051
2021-03-20 06:30:00,0.054
2021-03-20 06:36:00,0.054
2021-03-20 06:42:00,0.064
2021-03-20 06:48:00,0.069
2021-03-20 06:54:00,0.076
2021-03-20 07:00:00,0.086
2021-03-20 07:06:00,0.088
2021-03-20 07:12:00,0.094
2021-03-20 07:18:00,0.096
2021-03-20 07:24:00,0.097
2021-03-20 07:30:00,0.104
2021-03-20 07:36:00,0.111
2021-03-20 07:42:00,0.118
2021-03-20 07:48:00,0.122
2021-03-20 07:54:00,0.13
2021-03-20 08:00:00,0.13
2021-03-20 08:06:00,0.137
2021-03-20 08:12:00,0.142
2021-03-20 08:18:00,0.143
2021-03-20 08:24:00,0.147
2021-03-20 08:30:00,0.154
2021-03-20 08:36:00,0.158
2021-03-20 08:42:00,0.168
2021-03-20 08:48:00,0.175
2021-03-20 08:54:00,0.181
2021-03-20 09:00:00,0.184
2021-03-20 09:06:00,0.194
2021-03-20 09:12:00,0.204
2021-03-20 09:18:00,0.206
2021-03-20 09:24:00,0.21
2021-03-20 09:30:00,0.215
2021-03-20 09:36:00,0.216
2021-03-20 09:42:00,0.228
2021-03-20 09:48:00,0.238
2021-03-20 09:54:00,0.242
2021-03-20 10:00:00,0.25
2021-03-20 10:06:00,0.252
2021-03-20 10:12:00,0.256
2021-03-20 10:18:00,0.262
2021-03-20 10:24:00,0.271
2021-03-20 10:30:00,0.277
2021-03-20 10:36:00,0.285
2021-03-20 10:42:00,0.296
2021-03-20 10:48:00,0.304
2021-03-20 10:54:00,0.305
2021-03-20 11:00:00,0.309
2021-03-20 11:06:00,0.322
2021-03-20 11:12:00,0.33
2021-03-20 11:18:00,0.34
2021-03-20 11:24:00,0.345
2021-03-20 11:30:00,0.349
2021-03-20 11:36:00,0.346
2021-03-20 11:42:00,0.355
2021-03-20 11:48:00,0.361
2021-03-20 11:54:00,0.366
2021-03-20 12:00:00,0.373
2021-03-20 12:06:00,0.369
2021-03-20 12:12:00,0.372
2021-03-20 12:18:00,0.381
2021-03-20 12:24:00,0.388
2021-03-20 12:30:00,0.392
2021-03-20 12:36:00,0.397
2021-03-20 12:42:00,0.397
2021-03-20 12:48:00,0.4
2021-03-20 12:54:00,0.399
2021-03-20 13:00:00,0.405
2021-03-20 13:06:00,0.414
2021-03-20 13:12:00,0.41
2021-03-20 13:18:00,0.41
2021-03-20 13:24:00,0.422
2021-03-20 13:30:00,0.42
2021-03-20 13:36:00,0.422
2021-03-20 13:42:00,0.42
2021-03-20 13:48:00,0.424
2021-03-20 13:54:00,0.421
2021-03-20 14:00:00,0.425
2021-03-20 14:06:00,0.433
2021-03-20 14:12:00,0.438
2021-03-20 14:18:00,0.436
2021-03-20 14:24:00,0.432
2021-03-20 14:30:00,0.427
2021-03-20 14:36:00,0.434
2021-03-20 14:42:00,0.436
2021-03-20 14:48:00,0.445
2021-03-20 14:54:00,0.446
2021-03-20 15:00:00,0.449
2021-03-20 15:06:00,0.46
2021-03-20 15:12:00,0.465
2021-03-20 15:18:00,0.46
2021-03-20 15:24:00,0.464
2021-03-20 15:30:00,0.474
2021-03-20 15:36:00,0.469
2021-03-20 15:42:00,0.474
2021-03-20 15:48:00,0.473
2021-03-20 15:54:00,0.476
2021-03-20 16:00:00,0.481
2021-03-20 16:06:00,0.483
2021-03-20 16:12:00,0.487
2021-03-20 16:18:00,0.492
2021-03-20 16:24:00,0.49
2021-03-20 16:30:00,0.494
2021-03-20 16:36:00,0.493
2021-03-20 16:42:00,0.501
2021-03-20 16:48:00,0.498
2021-03-20 16:54:00,0.498
2021-03-20 17:00:00,0.497
2021-03-20 17:06:00,0.507
2021-03-20 17:12:00,0.505
2021-03-20 17:18:00,0.513
2021-03-20 17:24:00,0.507
2021-03-20 17:30:00,0.518
2021-03-20 17:36:00,0.53
2021-03-20 17:42:00,0.527
2021-03-20 17:48:00,0.531
2021-03-20 17:54:00,0.533
2021-03-20 18:00:00,0.529
2021-03-20 18:06:00,0.525
2021-03-20 18:12:00,0.53
2021-03-20 18:18:00,0.538
2021-03-20 18:24:00,0.544
2021-03-20 18:30:00,0.547
2021-03-20 18:36:00,0.55
2021-03-20 18:42:00,0.554
2021-03-20 18:48:00,0.55
2021-03-20 18:54:00,0.547
2021-03-20 19:00:00,0.545
2021-03-20 19:06:00,0.541
2021-03-20 19:12:00,0.546
2021-03-20 19:18:00,0.547
2021-03-20 19:24:00,0.553
2021-03-20 19:30:00,0.555
2021-03-20 19:36:00,0.55
2021-03-20 19:42:00,0.556
2021-03-20 19:48:00,0.546
2021-03-20 19:54:00,0.541
2021-03-20 20:00:00,0.539
2021-03-20 20:06:00,0.54
2021-03-20 20:12:00,0.541
2021-03-20 20:18:00,0.543
2021-03-20 20:24:00,0.547
2021-03-20 20:30:00,0.542
2021-03-20 20:36:00,0.539
2021-03-20 20:42:00,0.533
2021-03-20 20:48:00,0.532
2021-03-20 20:54:00,0.527
2021-03-20 21:00:00,0.52
2021-03-20 21:06:00,0.524
2021-03-20 21:12:00,0.524
2021-03-20 21:18:00,0.521
2021-03-20 21:24:00,0.524
2021-03-20 21:30:00,0.522
2021-03-20 21:36:00,0.513
2021-03-20 21:42:00,0.508
2021-03-20 21:48:00,0.5
2021-03-20 21:54:00,0.499
2021-03-20 22:00:00,0.5
2021-03-20 22:06:00,0.494
2021-03-20 22:12:00,0.491
2021-03-20 22:18:00,0.48
2021-03-20 22:24:00,0.482
2021-03-20 22:30:00,0.479
2021-03-20 22:36:00,0.483
2021-03-20 22:42:00,0.483
2021-03-20 22:48:00,0.476
2021-03-20 22:54:00,0.467
2021-03-20 23:00:00,0.464
2021-03-20 23:06:00,0.459
2021-03-20 23:12:00,0.45
2021-03-20 23:18:00,0.44
2021-03-20 23:24:00,0.426
2021-03-20 23:30:00,0.424
2021-03-20 23:36:00,0.415
2021-03-20 23:42:00,0.4
2021-03-20 23:48:00,0.395
2021-03-20 23:54:00,0.39
2021-03-21 00:00:00,0.385
2021-03-21 00:06:00,0.381
2021-03-21 00:12:00,0.374
2021-03-21 00:18:00,0.369
2021-03-21 00:24:00,0.355
2021-03-21 00:30:00,0.351
2021-03-21 00:36:00,0.344
2021-03-21 00:42:00,0.34
2021-03-21 00:48:00,0.335
2021-03-21 00:54:00,0.331
2021-03-21 01:00:00,0.326
2021-03-21 01:06:00,0.32
2021-03-21 01:12:00,0.316
2021-03-21 01:18:00,0.312
2021-03-21 01:24:00,0.309
2021-03-21 01:30:00,0.302
2021-03-21 01:36:00,0.3
2021-03-21 01:42:00,0.299
2021-03-21 01:48:00,0.295
2021-03-21 01:54:00,0.291
2021-03-21 02:00:00,0.284
2021-03-21 02:06:00,0.277
2021-03-21 02:12:00,0.276
2021-03-21 02:18:00,0.272
2021-03-21 02:24:00,0.278
2021-03-21 02:30:00,0.279
2021-03-21 02:36:00,0.278
2021-03-21 02:42:00,0.275
2021-03-21 02:48:00,0.275
2021-03-21 02:54:00,0.272
2021-03-21 03:00:00,0.271
2021-03-21 03:06:00,0.269
2021-03-21 03:12:00,0.266
2021-03-21 03:18:00,0.266
2021-03-21 03:24:00,0.26
2021-03-21 03:30:00,0.255
2021-03-21 03:36:00,0.249
2021-03-21 03:42:00,0.245
2021-03-21 03:48:00,0.243
2021-03-21 03:54:00,0.241
2021-03-21 04:00:00,0.241
2021-03-21 04:06:00,0.236
2021-03-21 04:12:00,0.229
2021-03-21 04:18:00,0.224
2021-03-21 04:24:00,0.221
2021-03-21 04:30:00,0.215
2021-03-21 04:36:00,0.211
2021-03-21 04:42:00,0.21
2021-03-21 04:48:00,0.21
2021-03-21 04:54:00,0.21
2021-03-21 05:00:00,0.212
2021-03-21 05:06:00,0.212
2021-03-21 05:12:00,0.211
2021-03-21 05:18:00,0.207
2021-03-21 05:24:00,0.209
2021-03-21 05:30:00,0.215
2021-03-21 05:36:00,0.211
2021-03-21 05:42:00,0.212
2021-03-21 05:48:00,0.211
2021-03-21 05:54:00,0.21
2021-03-21 06:00:00,0.209
2021-03-21 06:06:00,0.209
2021-03-21 06:12:00,0.205
2021-03-21 06:18:00,0.206
2021-03-21 06:24:00,0.204
2021-03-21 06:30:00,0.194
2021-03-21 06:36:00,0.191
2021-03-21 06:42:00,0.191
2021-03-21 06:48:00,0.188
2021-03-21 06:54:00,0.178
2021-03-21 07:00:00,0.172
2021-03-21 07:06:00,0.17
2021-03-21 07:12:00,0.172
2021-03-21 07:18:00,0.166
2021-03-21 07:24:00,0.163
2021-03-21 07:30:00,0.161
2021-03-21 07:36:00,0.158
2021-03-21 07:42:00,0.158
2021-03-21 07:48:00,0.156
2021-03-21 07:54:00,0.153
2021-03-21 08:00:00,0.151
2021-03-21 08:06:00,0.146
2021-03-21 08:12:00,0.146
2021-03-21 08:18:00,0.142
2021-03-21 08:24:00,0.138
2021-03-21 08:30:00,0.138
2021-03-21 08:36:00,0.131
2021-03-21 08:42:00,0.125
2021-03-21 08:48:00,0.128
2021-03-21 08:54:00,0.12
2021-03-21 09:00:00,0.122
2021-03-21 09:06:00,0.129
2021-03-21 09:12:00,0.132
2021-03-21 09:18:00,0.136
2021-03-21 09:24:00,0.131
2021-03-21 09:30:00,0.135
2021-03-21 09:36:00,0.136
2021-03-21 09:42:00,0.135
2021-03-21 09:48:00,0.137
2021-03-21 09:54:00,0.138
2021-03-21 10:00:00,0.141
2021-03-21 10:06:00,0.144
2021-03-21 10:12:00,0.151
2021-03-21 10:18:00,0.159
2021-03-21 10:24:00,0.165
2021-03-21 10:30:00,0.172
2021-03-21 10:36:00,0.174
2021-03-21 10:42:00,0.181
2021-03-21 10:48:00,0.192
2021-03-21 10:54:00,0.196
2021-03-21 11:00:00,0.213
2021-03-21 11:06:00,0.22
2021-03-21 11:12:00,0.229
2021-03-21 11:18:00,0.228
2021-03-21 11:24:00,0.233
2021-03-21 11:30:00,0.232
2021-03-21 11:36:00,0.241
2021-03-21 11:42:00,0.254
2021-03-21 11:48:00,0.266
2021-03-21 11:54:00,0.272
2021-03-21 12:00:00,0.282
2021-03-21 12:06:00,0.29
2021-03-21 12:12:00,0.291
2021-03-21 12:18:00,0.303
2021-03-21 12:24:00,0.315
2021-03-21 12:30:00,0.327
2021-03-21 12:36:00,0.333
2021-03-21 12:42:00,0.341
2021-03-21 12:48:00,0.348
2021-03-21 12:54:00,0.355
2021-03-21 13:00:00,0.365
2021-03-21 13:06:00,0.38
2021-03-21 13:12:00,0.401
2021-03-21 13:18:00,0.413
2021-03-21 13:24:00,0.423
2021-03-21 13:30:00,0.442
2021-03-21 13:36:00,0.462
2021-03-21 13:42:00,0.476
2021-03-21 13:48:00,0.483
2021-03-21 13:54:00,0.49
2021-03-21 14:00:00,0.497
2021-03-21 14:06:00,0.508
2021-03-21 14:12:00,0.524
2021-03-21 14:18:00,0.529
2021-03-21 14:24:00,0.549
2021-03-21 14:30:00,0.561
2021-03-21 14:36:00,0.566
2021-03-21 14:42:00,0.577
2021-03-21 14:48:00,0.582
2021-03-21 14:54:00,0.592
2021-03-21 15:00:00,0.599
2021-03-21 15:06:00,0.616
2021-03-21 15:12:00,0.624
2021-03-21 15:18:00,0.638
2021-03-21 15:24:00,0.641
2021-03-21 15:30:00,0.655
2021-03-21 15:36:00,0.658
2021-03-21 15:42:00,0.667
2021-03-21 15:48:00,0.68
2021-03-21 15:54:00,0.695
2021-03-21 16:00:00,0.703
2021-03-21 16:06:00,0.707
2021-03-21 16:12:00,0.716
2021-03-21 16:18:00,0.72
2021-03-21 16:24:00,0.725
2021-03-21 16:30:00,0.736
2021-03-21 16:36:00,0.74
2021-03-21 16:42:00,0.745
2021-03-21 16:48:00,0.748
2021-03-21 16:54:00,0.749
2021-03-21 17:00:00,0.753
2021-03-21 17:06:00,0.753
2021-03-21 17:12:00,0.744
2021-03-21 17:18:00,0.751
2021-03-21 17:24:00,0.753
2021-03-21 17:30:00,0.763
2021-03-21 17:36:00,0.762
2021-03-21 17:42:00,0.761
2021-03-21 17:48:00,0.764
2021-03-21 17:54:00,0.767
2021-03-21 18:00:00,0.77
2021-03-21 18:06:00,0.772
2021-03-21 18:12:00,0.77
2021-03-21 18:18:00,0.772
2021-03-21 18:24:00,0.769
2021-03-21 18:30:00,0.766
2021-03-21 18:36:00,0.768
2021-03-21 18:42:00,0.762
2021-03-21 18:48:00,0.763
2021-03-21 18:54:00,0.754
2021-03-21 19:00:00,0.749
2021-03-21 19:06:00,0.743
2021-03-21 19:12:00,0.73
2021-03-21 19:18:00,0.714
2021-03-21 19:24:00,0.705
2021-03-21 19:30:00,0.706
2021-03-21 19:36:00,0.695
2021-03-21 19:42:00,0.694
2021-03-21 19:48:00,0.692
2021-03-21 19:54:00,0.688
2021-03-21 20:00:00,0.673
2021-03-21 20:06:00,0.666
2021-03-21 20:12:00,0.665
2021-03-21 20:18:00,0.668
2021-03-21 20:24:00,0.677
2021-03-21 20:30:00,0.675
2021-03-21 20:36:00,0.672
2021-03-21 20:42:00,0.664
2021-03-21 20:48:00,0.652
2021-03-21 20:54:00,0.652
2021-03-21 21:00:00,0.644
2021-03-21 21:06:00,0.641
2021-03-21 21:12:00,0.643
2021-03-21 21:18:00,0.64
2021-03-21 21:24:00,0.634
2021-03-21 21:30:00,0.629
2021-03-21 21:36:00,0.621
2021-03-21 21:42:00,0.619
2021-03-21 21:48:00,0.607
2021-03-21 21:54:00,0.607
2021-03-21 22:00:00,0.616
2021-03-21 22:06:00,0.619
2021-03-21 22:12:00,0.62
2021-03-21 22:18:00,0.62
2021-03-21 22:24:00,0.625
2021-03-21 22:30:00,0.626
2021-03-21 22:36:00,0.628
2021-03-21 22:42:00,0.631
2021-03-21 22:48:00,0.634
2021-03-21 22:54:00,0.639
2021-03-21 23:00:00,0.631
2021-03-21 23:06:00,0.624
2021-03-21 23:12:00,0.617
2021-03-21 23:18:00,0.607
2021-03-21 23:24:00,0.605
2021-03-21 23:30:00,0.617
2021-03-21 23:36:00,0.617
2021-03-21 23:42:00,0.616
2021-03-21 23:48:00,0.613
2021-03-21 23:54:00,0.616
2021-03-22 00:00:00,0.615
2021-03-22 00:06:00,0.604
2021-03-22 00:12:00,0.604
2021-03-22 00:18:00,0.625
2021-03-22 00:24:00,0.636
2021-03-22 00:30:00,0.638
2021-03-22 00:36:00,0.633
2021-03-22 00:42:00,0.62
2021-03-22 00:48:00,0.624
2021-03-22 00:54:00,0.624
2021-03-22 01:00:00,0.623
2021-03-22 01:06:00,0.625
2021-03-22 01:12:00,0.619
2021-03-22 01:18:00,0.628
2021-03-22 01:24:00,0.633
2021-03-22 01:30:00,0.626
2021-03-22 01:36:00,0.617
2021-03-22 01:42:00,0.62
2021-03-22 01:48:00,0.625
2021-03-22 01:54:00,0.63
2021-03-22 02:00:00,0.624
2021-03-22 02:06:00,0.616
2021-03-22 02:12:00,0.604
2021-03-22 02:18:00,0.593
2021-03-22 02:24:00,0.586
2021-03-22 02:30:00,0.603
2021-03-22 02:36:00,0.601
2021-03-22 02:42:00,0.596
2021-03-22 02:48:00,0.585
2021-03-22 02:54:00,0.575
2021-03-22 03:00:00,0.565
2021-03-22 03:06:00,0.556
2021-03-22 03:12:00,0.559
2021-03-22 03:18:00,0.564
2021-03-22 03:24:00,0.557
2021-03-22 03:30:00,0.553
2021-03-22 03:36:00,0.539
2021-03-22 03:42:00,0.531
2021-03-22 03:48:00,0.528
2021-03-22 03:54:00,0.527
2021-03-22 04:00:00,0.516
2021-03-22 04:06:00,0.515
2021-03-22 04:12:00,0.505
2021-03-22 04:18:00,0.498
2021-03-22 04:24:00,0.494
2021-03-22 04:30:00,0.488
2021-03-22 04:36:00,0.481
2021-03-22 04:42:00,0.474
2021-03-22 04:48:00,0.479
2021-03-22 04:54:00,0.467
2021-03-22 05:00:00,0.464
2021-03-22 05:06:00,0.45
2021-03-22 05:12:00,0.46
2021-03-22 05:18:00,0.453
2021-03-22 05:24:00,0.441
2021-03-22 05:30:00,0.418
2021-03-22 05:36:00,0.411
2021-03-22 05:42:00,0.398
2021-03-22 05:48:00,0.397
2021-03-22 05:54:00,0.39
2021-03-22 06:00:00,0.376
2021-03-22 06:06:00,0.38
2021-03-22 06:12:00,0.364
2021-03-22 06:18:00,0.343
2021-03-22 06:24:00,0.333
2021-03-22 06:30:00,0.328
2021-03-22 06:36:00,0.333
2021-03-22 06:42:00,0.332
2021-03-22 06:48:00,0.317
2021-03-22 06:54:00,0.303
2021-03-22 07:00:00,0.292
2021-03-22 07:06:00,0.276
2021-03-22 07:12:00,0.267
2021-03-22 07:18:00,0.259
2021-03-22 07:24:00,0.266
2021-03-22 07:30:00,0.267
2021-03-22 07:36:00,0.267
2021-03-22 07:42:00,0.252
2021-03-22 07:48:00,0.234
2021-03-22 07:54:00,0.231
2021-03-22 08:00:00,0.237
2021-03-22 08:06:00,0.236
2021-03-22 08:12:00,0.244
2021-03-22 08:18:00,0.228
2021-03-22 08:24:00,0.219
2021-03-22 08:30:00,0.213
2021-03-22 08:36:00,0.21
2021-03-22 08:42:00,0.201
2021-03-22 08:48:00,0.199
2021-03-22 08:54:00,0.198
2021-03-22 09:00:00,0.195
2021-03-22 09:06:00,0.184
2021-03-22 09:12:00,0.175
2021-03-22 09:18:00,0.163
2021-03-22 09:24:00,0.16
2021-03-22 09:30:00,0.162
2021-03-22 09:36:00,0.165
2021-03-22 09:42:00,0.176
2021-03-22 09:48:00,0.17
2021-03-22 09:54:00,0.171
2021-03-22 10:00:00,0.161
2021-03-22 10:06:00,0.153
2021-03-22 10:12:00,0.155
2021-03-22 10:18:00,0.15
2021-03-22 10:24:00,0.144
2021-03-22 10:30:00,0.162
2021-03-22 10:36:00,0.183
2021-03-22 10:42:00,0.192
2021-03-22 10:48:00,0.213
2021-03-22 10:54:00,0.215
2021-03-22 11:00:00,0.215
2021-03-22 11:06:00,0.221
2021-03-22 11:12:00,0.225
2021-03-22 11:18:00,0.233
2021-03-22 11:24:00,0.231
2021-03-22 11:30:00,0.249
2021-03-22 11:36:00,0.257
2021-03-22 11:42:00,0.286
2021-03-22 11:48:00,0.298
2021-03-22 11:54:00,0.306
2021-03-22 12:00:00,0.309
2021-03-22 12:06:00,0.302
2021-03-22 12:12:00,0.305
2021-03-22 12:18:00,0.298
2021-03-22 12:24:00,0.3
2021-03-22 12:30:00,0.325
2021-03-22 12:36:00,0.353
2021-03-22 12:42:00,0.368
2021-03-22 12:48:00,0.397
2021-03-22 12:54:00,0.397
2021-03-22 13:00:00,0.402
2021-03-22 13:06:00,0.412
2021-03-22 13:12:00,0.41
2021-03-22 13:18:00,0.42
2021-03-22 13:24:00,0.441
2021-03-22 13:30:00,0.468
2021-03-22 13:36:00,0.466
2021-03-22 13:42:00,0.451
2021-03-22 13:48:00,0.448
2021-03-22 13:54:00,0.452
2021-03-22 14:00:00,0.484
2021-03-22 14:06:00,0.508
2021-03-22 14:12:00,0.526
2021-03-22 14:18:00,0.519
2021-03-22 14:24:00,0.522
2021-03-22 14:30:00,0.524
2021-03-22 14:36:00,0.532
2021-03-22 14:42:00,0.542
2021-03-22 14:48:00,0.557
2021-03-22 14:54:00,0.576
2021-03-22 15:00:00,0.577
2021-03-22 15:06:00,0.573
2021-03-22 15:12:00,0.603
2021-03-22 15:18:00,0.611
2021-03-22 15:24:00,0.624
2021-03-22 15:30:00,0.629
2021-03-22 15:36:00,0.635
2021-03-22 15:42:00,0.638
2021-03-22 15:48:00,0.662
2021-03-22 15:54:00,0.676
2021-03-22 16:00:00,0.691
2021-03-22 16:06:00,0.691
2021-03-22 16:12:00,0.685
2021-03-22 16:18:00,0.689
2021-03-22 16:24:00,0.708
2021-03-22 16:30:00,0.721
2021-03-22 16:36:00,0.728
2021-03-22 16:42:00,0.728
2021-03-22 16:48:00,0.743
2021-03-22 16:54:00,0.741
2021-03-22 17:00:00,0.745
2021-03-22 17:06:00,0.737
2021-03-22 17:12:00,0.758
2021-03-22 17:18:00,0.772
2021-03-22 17:24:00,0.782
2021-03-22 17:30:00,0.792
2021-03-22 17:36:00,0.796
2021-03-22 17:42:00,0.791
2021-03-22 17:48:00,0.795
2021-03-22 17:54:00,0.79
2021-03-22 18:00:00,0.81
2021-03-22 18:06:00,0.827
2021-03-22 18:12:00,0.823
2021-03-22 18:18:00,0.827
2021-03-22 18:24:00,0.817
2021-03-22 18:30:00,0.82
2021-03-22 18:36:00,0.821
2021-03-22 18:42:00,0.817
2021-03-22 18:48:00,0.813
2021-03-22 18:54:00,0.796
2021-03-22 19:00:00,0.815
2021-03-22 19:06:00,0.802
2021-03-22 19:12:00,0.833
2021-03-22 19:18:00,0.804
2021-03-22 19:24:00,0.81
2021-03-22 19:30:00,0.807
2021-03-22 19:36:00,0.811
2021-03-22 19:42:00,0.807
2021-03-22 19:48:00,0.817
2021-03-22 19:54:00,0.819
2021-03-22 20:00:00,0.824
2021-03-22 20:06:00,0.822
2021-03-22 20:12:00,0.822
2021-03-22 20:18:00,0.799
2021-03-22 20:24:00,0.787
2021-03-22 20:30:00,0.792
2021-03-22 20:36:00,0.785
2021-03-22 20:42:00,0.786
2021-03-22 20:48:00,0.777
2021-03-22 20:54:00,0.795
2021-03-22 21:00:00,0.78
2021-03-22 21:06:00,0.766
2021-03-22 21:12:00,0.755
2021-03-22 21:18:00,0.76
2021-03-22 21:24:00,0.765
2021-03-22 21:30:00,0.759
2021-03-22 21:36:00,0.744
2021-03-22 21:42:00,0.758
2021-03-22 21:48:00,0.75
2021-03-22 21:54:00,0.75
2021-03-22 22:00:00,0.759
2021-03-22 22:06:00,0.757
2021-03-22 22:12:00,0.749
2021-03-22 22:18:00,0.727
2021-03-22 22:24:00,0.733
2021-03-22 22:30:00,0.725
2021-03-22 22:36:00,0.719
2021-03-22 22:42:00,0.73
2021-03-22 22:48:00,0.738
2021-03-22 22:54:00,0.729
2021-03-22 23:00:00,0.725
2021-03-22 23:06:00,0.716
2021-03-22 23:12:00,0.722
2021-03-22 23:18:00,0.729
2021-03-22 23:24:00,0.735
2021-03-22 23:30:00,0.732
2021-03-22 23:36:00,0.731
2021-03-22 23:42:00,0.728
2021-03-22 23:48:00,0.733
2021-03-22 23:54:00,0.74
2021-03-23 00:00:00,0.746
2021-03-23 00:06:00,0.735
2021-03-23 00:12:00,0.739
2021-03-23 00:18:00,0.733
2021-03-23 00:24:00,0.746
2021-03-23 00:30:00,0.748
2021-03-23 00:36:00,0.747
2021-03-23 00:42:00,0.745
2021-03-23 00:48:00,0.736
2021-03-23 00:54:00,0.756
2021-03-23 01:00:00,0.762
2021-03-23 01:06:00,0.767
2021-03-23 01:12:00,0.777
2021-03-23 01:18:00,0.776
2021-03-23 01:24:00,0.77
2021-03-23 01:30:00,0.774
2021-03-23 01:36:00,0.764
2021-03-23 01:42:00,0.767
2021-03-23 01:48:00,0.784
2021-03-23 01:54:00,0.767
2021-03-23 02:00:00,0.762
2021-03-23 02:06:00,0.754
2021-03-23 02:12:00,0.756
2021-03-23 02:18:00,0.77
2021-03-23 02:24:00,0.773
2021-03-23 02:30:00,0.769
2021-03-23 02:36:00,0.766
2021-03-23 02:42:00,0.774
2021-03-23 02:48:00,0.77
2021-03-23 02:54:00,0.765
2021-03-23 03:00:00,0.77
2021-03-23 03:06:00,0.774
2021-03-23 03:12:00,0.788
2021-03-23 03:18:00,0.783
2021-03-23 03:24:00,0.773
2021-03-23 03:30:00,0.774
2021-03-23 03:36:00,0.773
2021-03-23 03:42:00,0.757
2021-03-23 03:48:00,0.751
2021-03-23 03:54:00,0.746
2021-03-23 04:00:00,0.753
2021-03-23 04:06:00,0.753
2021-03-23 04:12:00,0.762
2021-03-23 04:18:00,0.755
2021-03-23 04:24:00,0.757
2021-03-23 04:30:00,0.755
2021-03-23 04:36:00,0.748
2021-03-23 04:42:00,0.746
2021-03-23 04:48:00,0.732
2021-03-23 04:54:00,0.718
2021-03-23 05:00:00,0.713
2021-03-23 05:06:00,0.707
2021-03-23 05:12:00,0.708
2021-03-23 05:18:00,0.717
2021-03-23 05:24:00,0.717
2021-03-23 05:30:00,0.709
2021-03-23 05:36:00,0.706
2021-03-23 05:42:00,0.701
2021-03-23 05:48:00,0.701
2021-03-23 05:54:00,0.677
2021-03-23 06:00:00,0.669
2021-03-23 06:06:00,0.659
2021-03-23 06:12:00,0.657
2021-03-23 06:18:00,0.654
2021-03-23 06:24:00,0.643
2021-03-23 06:30:00,0.648
2021-03-23 06:36:00,0.635
2021-03-23 06:42:00,0.609
2021-03-23 06:48:00,0.589
2021-03-23 06:54:00,0.57
2021-03-23 07:00:00,0.549
2021-03-23 07:06:00,0.537
2021-03-23 07:12:00,0.529
2021-03-23 07:18:00,0.523
2021-03-23 07:24:00,0.533
2021-03-23 07:30:00,0.523
2021-03-23 07:36:00,0.501
2021-03-23 07:42:00,0.489
2021-03-23 07:48:00,0.485
2021-03-23 07:54:00,0.484
2021-03-23 08:00:00,0.492
2021-03-23 08:06:00,0.483
2021-03-23 08:12:00,0.489
2021-03-23 08:18:00,0.487
2021-03-23 08:24:00,0.475
2021-03-23 08:30:00,0.474
2021-03-23 08:36:00,0.443
2021-03-23 08:42:00,0.432
2021-03-23 08:48:00,0.431
2021-03-23 08:54:00,0.416
2021-03-23 09:00:00,0.402
2021-03-23 09:06:00,0.408
2021-03-23 09:12:00,0.409
2021-03-23 09:18:00,0.418
2021-03-23 09:24:00,0.397
2021-03-23 09:30:00,0.415
2021-03-23 09:36:00,0.429
2021-03-23 09:42:00,0.439
2021-03-23 09:48:00,0.449
2021-03-23 09:54:00,0.435
2021-03-23 10:00:00,0.432
2021-03-23 10:06:00,0.418
2021-03-23 10:12:00,0.426
2021-03-23 10:18:00,0.416
2021-03-23 10:24:00,0.431
2021-03-23 10:30:00,0.413
2021-03-23 10:36:00,0.419
2021-03-23 10:42:00,0.418
2021-03-23 10:48:00,0.481
2021-03-23 10:54:00,0.523
2021-03-23 11:00:00,0.518
2021-03-23 11:06:00,0.5
2021-03-23 11:12:00,0.502
2021-03-23 11:18:00,0.476
2021-03-23 11:24:00,0.497
2021-03-23 11:30:00,0.492
2021-03-23 11:36:00,0.448
2021-03-23 11:42:00,0.437
2021-03-23 11:48:00,0.451
2021-03-23 11:54:00,0.474
2021-03-23 12:00:00,0.509
2021-03-23 12:06:00,0.557
2021-03-23 12:12:00,0.575
2021-03-23 12:18:00,0.661
2021-03-23 12:24:00,0.659
2021-03-23 12:30:00,0.647
2021-03-23 12:36:00,0.607
2021-03-23 12:42:00,0.694
2021-03-23 12:48:00,0.698
2021-03-23 12:54:00,0.703
2021-03-23 13:00:00,0.667
2021-03-23 13:06:00,0.665
2021-03-23 13:12:00,0.696
2021-03-23 13:18:00,0.739
2021-03-23 13:24:00,0.766
2021-03-23 13:30:00,0.729
2021-03-23 13:36:00,0.743
2021-03-23 13:42:00,0.786
2021-03-23 13:48:00,0.839
2021-03-23 13:54:00,0.811
2021-03-23 14:00:00,0.824
2021-03-23 14:06:00,0.868
2021-03-23 14:12:00,0.891
2021-03-23 14:18:00,0.886
2021-03-23 14:24:00,0.884
2021-03-23 14:30:00,0.863
2021-03-23 14:36:00,0.882
2021-03-23 14:42:00,0.893
2021-03-23 14:48:00,0.915
2021-03-23 14:54:00,0.92
2021-03-23 15:00:00,0.939
2021-03-23 15:06:00,0.952
2021-03-23 15:12:00,0.937
2021-03-23 15:18:00,0.961
2021-03-23 15:24:00,0.974
2021-03-23 15:30:00,0.941
2021-03-23 15:36:00,0.906
2021-03-23 15:42:00,0.882
2021-03-23 15:48:00,0.955
2021-03-23 15:54:00,1.032
2021-03-23 16:00:00,1.049
2021-03-23 16:06:00,1.097
2021-03-23 16:12:00,1.137
2021-03-23 16:18:00,1.095
2021-03-23 16:24:00,1.092
2021-03-23 16:30:00,1.109
2021-03-23 16:36:00,1.132
2021-03-23 16:42:00,1.131
2021-03-23 16:48:00,1.148
2021-03-23 16:54:00,1.19
2021-03-23 17:00:00,1.169
2021-03-23 17:06:00,1.146
2021-03-23 17:12:00,1.154
2021-03-23 17:18:00,1.196
2021-03-23 17:24:00,1.183
2021-03-23 17:30:00,1.148
2021-03-23 17:36:00,1.114
2021-03-23 17:42:00,1.203
2021-03-23 17:48:00,1.203
2021-03-23 17:54:00,1.151
2021-03-23 18:00:00,1.189
2021-03-23 18:06:00,1.204
2021-03-23 18:12:00,1.163
2021-03-23 18:18:00,1.144
2021-03-23 18:24:00,1.118
2021-03-23 18:30:00,1.131
2021-03-23 18:36:00,1.128
2021-03-23 18:42:00,1.157
2021-03-23 18:48:00,1.148
2021-03-23 18:54:00,1.049
2021-03-23 19:00:00,1.001
2021-03-23 19:06:00,0.984
2021-03-23 19:12:00,1.016
2021-03-23 19:18:00,0.992
2021-03-23 19:24:00,0.956
2021-03-23 19:30:00,0.928
2021-03-23 19:36:00,0.907
2021-03-23 19:42:00,0.855
2021-03-23 19:48:00,0.834
2021-03-23 19:54:00,0.816
2021-03-23 20:00:00,0.799
2021-03-23 20:06:00,0.774
2021-03-23 20:12:00,0.77
2021-03-23 20:18:00,0.8
2021-03-23 20:24:00,0.839
2021-03-23 20:30:00,0.91
2021-03-23 20:36:00,0.872
2021-03-23 20:42:00,0.764
2021-03-23 20:48:00,0.751
2021-03-23 20:54:00,0.76
2021-03-23 21:00:00,0.782
2021-03-23 21:06:00,0.786
2021-03-23 21:12:00,0.766
2021-03-23 21:18:00,0.799
2021-03-23 21:24:00,0.811
2021-03-23 21:30:00,0.807
2021-03-23 21:36:00,0.837
2021-03-23 21:42:00,0.81
2021-03-23 21:48:00,0.801
2021-03-23 21:54:00,0.814
2021-03-23 22:00:00,0.804
2021-03-23 22:06:00,0.794
2021-03-23 22:12:00,0.796
2021-03-23 22:18:00,0.821
2021-03-23 22:24:00,0.81
2021-03-23 22:30:00,0.79
2021-03-23 22:36:00,0.743
2021-03-23 22:42:00,0.725
2021-03-23 22:48:00,0.713
2021-03-23 22:54:00,0.723
2021-03-23 23:00:00,0.747
2021-03-23 23:06:00,0.699
2021-03-23 23:12:00,0.665
2021-03-23 23:18:00,0.643
2021-03-23 23:24:00,0.609
2021-03-23 23:30:00,0.596
2021-03-23 23:36:00,0.569
2021-03-23 23:42:00,0.566
2021-03-23 23:48:00,0.553
2021-03-23 23:54:00,0.542
2021-03-24 00:00:00,0.567
2021-03-24 00:06:00,0.55
2021-03-24 00:12:00,0.536
2021-03-24 00:18:00,0.514
2021-03-24 00:24:00,0.521
2021-03-24 00:30:00,0.522
2021-03-24 00:36:00,0.518
2021-03-24 00:42:00,0.507
2021-03-24 00:48:00,0.507
2021-03-24 00:54:00,0.498
2021-03-24 01:00:00,0.513
2021-03-24 01:06:00,0.533
2021-03-24 01:12:00,0.546
2021-03-24 01:18:00,0.534
2021-03-24 01:24:00,0.536
2021-03-24 01:30:00,0.547
2021-03-24 01:36:00,0.532
2021-03-24 01:42:00,0.549
2021-03-24 01:48:00,0.52
2021-03-24 01:54:00,0.49
2021-03-24 02:00:00,0.468
2021-03-24 02:06:00,0.467
2021-03-24 02:12:00,0.467
2021-03-24 02:18:00,0.474
2021-03-24 02:24:00,0.484
2021-03-24 02:30:00,0.501
2021-03-24 02:36:00,0.524
2021-03-24 02:42:00,0.541
2021-03-24 02:48:00,0.534
2021-03-24 02:54:00,0.553
2021-03-24 03:00:00,0.531
2021-03-24 03:06:00,0.509
2021-03-24 03:12:00,0.502
2021-03-24 03:18:00,0.502
2021-03-24 03:24:00,0.482
2021-03-24 03:30:00,0.483
2021-03-24 03:36:00,0.493
2021-03-24 03:42:00,0.5
2021-03-24 03:48:00,0.505
2021-03-24 03:54:00,0.523
2021-03-24 04:00:00,0.542
2021-03-24 04:06:00,0.535
2021-03-24 04:12:00,0.527
2021-03-24 04:18:00,0.527
2021-03-24 04:24:00,0.537
2021-03-24 04:30:00,0.528
2021-03-24 04:36:00,0.541
2021-03-24 04:42:00,0.539
2021-03-24 04:48:00,0.527
2021-03-24 04:54:00,0.515
2021-03-24 05:00:00,0.505
2021-03-24 05:06:00,0.504
2021-03-24 05:12:00,0.516
2021-03-24 05:18:00,0.512
2021-03-24 05:24:00,0.501
2021-03-24 05:30:00,0.491
2021-03-24 05:36:00,0.483
2021-03-24 05:42:00,0.496
2021-03-24 05:48:00,0.496
2021-03-24 05:54:00,0.507
2021-03-24 06:00:00,0.543
2021-03-24 06:06:00,0.568
2021-03-24 06:12:00,0.548
2021-03-24 06:18:00,0.526
2021-03-24 06:24:00,0.519
2021-03-24 06:30:00,0.511
2021-03-24 06:36:00,0.515
2021-03-24 06:42:00,0.505
2021-03-24 06:48:00,0.498
2021-03-24 06:54:00,0.493
2021-03-24 07:00:00,0.49
2021-03-24 07:06:00,0.488
2021-03-24 07:12:00,0.498
2021-03-24 07:18:00,0.51
2021-03-24 07:24:00,0.516
2021-03-24 07:30:00,0.537
2021-03-24 07:36:00,0.526
2021-03-24 07:42:00,0.527
2021-03-24 07:48:00,0.511
2021-03-24 07:54:00,0.512
2021-03-24 08:00:00,0.519
2021-03-24 08:06:00,0.542
2021-03-24 08:12:00,0.544
2021-03-24 08:18:00,0.537
2021-03-24 08:24:00,0.521
2021-03-24 08:30:00,0.514
2021-03-24 08:36:00,0.511
2021-03-24 08:42:00,0.538
2021-03-24 08:48:00,0.543
2021-03-24 08:54:00,0.546
2021-03-24 09:00:00,0.54
2021-03-24 09:06:00,0.522
2021-03-24 09:12:00,0.52
2021-03-24 09:18:00,0.523
2021-03-24 09:24:00,0.528
2021-03-24 09:30:00,0.535
2021-03-24 09:36:00,0.522
2021-03-24 09:42:00,0.524
2021-03-24 09:48:00,0.553
2021-03-24 09:54:00,0.538
2021-03-24 10:00:00,0.547
2021-03-24 10:06:00,0.547
2021-03-24 10:12:00,0.547
2021-03-24 10:18:00,0.54
2021-03-24 10:24:00,0.519
2021-03-24 10:30:00,0.525
2021-03-24 10:36:00,0.528
2021-03-24 10:42:00,0.521
2021-03-24 10:48:00,0.521
2021-03-24 10:54:00,0.525
2021-03-24 11:00:00,0.521
2021-03-24 11:06:00,0.512
2021-03-24 11:12:00,0.515
2021-03-24 11:18:00,0.526
2021-03-24 11:24:00,0.553
2021-03-24 11:30:00,0.571
2021-03-24 11:36:00,0.579
2021-03-24 11:42:00,0.581
2021-03-24 11:48:00,0.571
2021-03-24 11:54:00,0.57
2021-03-24 12:00:00,0.563
2021-03-24 12:06:00,0.564
2021-03-24 12:12:00,0.586
2021-03-24 12:18:00,0.574
2021-03-24 12:24:00,0.569
2021-03-24 12:30:00,0.57
2021-03-24 12:36:00,0.584
2021-03-24 12:42:00,0.585
2021-03-24 12:48:00,0.585
2021-03-24 12:54:00,0.584
2021-03-24 13:00:00,0.582
2021-03-24 13:06:00,0.597
2021-03-24 13:12:00,0.605
2021-03-24 13:18:00,0.622
2021-03-24 13:24:00,0.618
2021-03-24 13:30:00,0.625
2021-03-24 13:36:00,0.63
2021-03-24 13:42:00,0.634
2021-03-24 13:48:00,0.631
2021-03-24 13:54:00,0.642
2021-03-24 14:00:00,0.646
2021-03-24 14:06:00,0.652
2021-03-24 14:12:00,0.655
2021-03-24 14:18:00,0.674
2021-03-24 14:24:00,0.68
2021-03-24 14:30:00,0.686
2021-03-24 14:36:00,0.692
2021-03-24 14:42:00,0.701
2021-03-24 14:48:00,0.721
2021-03-24 14:54:00,0.721
2021-03-24 15:00:00,0.724
2021-03-24 15:06:00,0.731
2021-03-24 15:12:00,0.758
2021-03-24 15:18:00,0.785
2021-03-24 15:24:00,0.806
2021-03-24 15:30:00,0.803
2021-03-24 15:36:00,0.856
2021-03-24 15:42:00,0.838
2021-03-24 15:48:00,0.841
2021-03-24 15:54:00,0.857
2021-03-24 16:00:00,0.871
2021-03-24 16:06:00,0.888
2021-03-24 16:12:00,0.911
2021-03-24 16:18:00,0.933
2021-03-24 16:24:00,0.943
2021-03-24 16:30:00,0.959
2021-03-24 16:36:00,0.961
2021-03-24 16:42:00,0.96
2021-03-24 16:48:00,0.962
2021-03-24 16:54:00,0.973
2021-03-24 17:00:00,1.005
2021-03-24 17:06:00,0.997
2021-03-24 17:12:00,0.996
2021-03-24 17:18:00,1.004
2021-03-24 17:24:00,1.009
2021-03-24 17:30:00,1.009
2021-03-24 17:36:00,1.001
2021-03-24 17:42:00,1.035
2021-03-24 17:48:00,1.056
2021-03-24 17:54:00,1.062
2021-03-24 18:00:00,1.094
2021-03-24 18:06:00,1.103
2021-03-24 18:12:00,1.09
2021-03-24 18:18:00,1.096
2021-03-24 18:24:00,1.113
2021-03-24 18:30:00,1.139
2021-03-24 18:36:00,1.13
2021-03-24 18:42:00,1.137
2021-03-24 18:48:00,1.123
2021-03-24 18:54:00,1.154
2021-03-24 19:00:00,1.171
2021-03-24 19:06:00,1.188
2021-03-24 19:12:00,1.227
2021-03-24 19:18:00,1.224
2021-03-24 19:24:00,1.195
2021-03-24 19:30:00,1.21
2021-03-24 19:36:00,1.207
2021-03-24 19:42:00,1.211
2021-03-24 19:48:00,1.205
2021-03-24 19:54:00,1.218
2021-03-24 20:00:00,1.199
2021-03-24 20:06:00,1.189
2021-03-24 20:12:00,1.177
2021-03-24 20:18:00,1.203
2021-03-24 20:24:00,1.238
2021-03-24 20:30:00,1.209
2021-03-24 20:36:00,1.215
2021-03-24 20:42:00,1.207
2021-03-24 20:48:00,1.206
2021-03-24 20:54:00,1.206
2021-03-24 21:00:00,1.229
2021-03-24 21:06:00,1.236
2021-03-24 21:12:00,1.227
2021-03-24 21:18:00,1.24
2021-03-24 21:24:00,1.217
2021-03-24 21:30:00,1.189
2021-03-24 21:36:00,1.157
2021-03-24 21:42:00,1.143
2021-03-24 21:48:00,1.142
2021-03-24 21:54:00,1.147
2021-03-24 22:00:00,1.119
2021-03-24 22:06:00,1.108
2021-03-24 22:12:00,1.098
2021-03-24 22:18:00,1.081
2021-03-24 22:24:00,1.081
2021-03-24 22:30:00,1.073
2021-03-24 22:36:00,1.052
2021-03-24 22:42:00,1.046
2021-03-24 22:48:00,1.047
2021-03-24 22:54:00,1.052
2021-03-24 23:00:00,1.059
2021-03-24 23:06:00,1.056
2021-03-24 23:12:00,1.035
2021-03-24 23:18:00,1.018
2021-03-24 23:24:00,1.023
2021-03-24 23:30:00,1.012
2021-03-24 23:36:00,1.0
2021-03-24 23:42:00,1.008
2021-03-24 23:48:00,1.001
2021-03-24 23:54:00,0.994
2021-03-25 00:00:00,0.996
2021-03-25 00:06:00,1.013
2021-03-25 00:12:00,1.014
2021-03-25 00:18:00,1.003
2021-03-25 00:24:00,1.007
2021-03-25 00:30:00,1.01
2021-03-25 00:36:00,1.023
2021-03-25 00:42:00,1.018
2021-03-25 00:48:00,1.018
2021-03-25 00:54:00,1.033
2021-03-25 01:00:00,1.042
2021-03-25 01:06:00,1.047
2021-03-25 01:12:00,1.043
2021-03-25 01:18:00,1.048
2021-03-25 01:24:00,1.037
2021-03-25 01:30:00,1.044
2021-03-25 01:36:00,1.045
2021-03-25 01:42:00,1.065
2021-03-25 01:48:00,1.091
2021-03-25 01:54:00,1.097
2021-03-25 02:00:00,1.089
2021-03-25 02:06:00,1.068
2021-03-25 02:12:00,1.062
2021-03-25 02:18:00,1.073
2021-03-25 02:24:00,1.074
2021-03-25 02:30:00,1.065
2021-03-25 02:36:00,1.07
2021-03-25 02:42:00,1.063
2021-03-25 02:48:00,1.063
2021-03-25 02:54:00,1.055
2021-03-25 03:00:00,1.061
2021-03-25 03:06:00,1.061
2021-03-25 03:12:00,1.056
2021-03-25 03:18:00,1.068
2021-03-25 03:24:00,1.077
2021-03-25 03:30:00,1.074
2021-03-25 03:36:00,1.07
2021-03-25 03:42:00,1.061
2021-03-25 03:48:00,1.063
2021-03-25 03:54:00,1.064
2021-03-25 04:00:00,1.07
2021-03-25 04:06:00,1.07
2021-03-25 04:12:00,1.075
2021-03-25 04:18:00,1.079
2021-03-25 04:24:00,1.063
2021-03-25 04:30:00,1.065
2021-03-25 04:36:00,1.062
2021-03-25 04:42:00,1.043
2021-03-25 04:48:00,1.04
2021-03-25 04:54:00,1.034
2021-03-25 05:00:00,1.01
2021-03-25 05:06:00,1.013
2021-03-25 05:12:00,0.999
2021-03-25 05:18:00,0.993
2021-03-25 05:24:00,0.966
2021-03-25 05:30:00,0.957
2021-03-25 05:36:00,0.947
2021-03-25 05:42:00,0.954
2021-03-25 05:48:00,0.957
2021-03-25 05:54:00,0.94
2021-03-25 06:00:00,0.942
2021-03-25 06:06:00,0.932
2021-03-25 06:12:00,0.927
2021-03-25 06:18:00,0.92
2021-03-25 06:24:00,0.917
2021-03-25 06:30:00,0.913
2021-03-25 06:36:00,0.905
2021-03-25 06:42:00,0.897
2021-03-25 06:48:00,0.875
2021-03-25 06:54:00,0.866
2021-03-25 07:00:00,0.85
2021-03-25 07:06:00,0.845
2021-03-25 07:12:00,0.842
2021-03-25 07:18:00,0.833
2021-03-25 07:24:00,0.834
2021-03-25 07:30:00,0.829
2021-03-25 07:36:00,0.817
2021-03-25 07:42:00,0.824
2021-03-25 07:48:00,0.817
2021-03-25 07:54:00,0.806
2021-03-25 08:00:00,0.801
2021-03-25 08:06:00,0.79
2021-03-25 08:12:00,0.778
2021-03-25 08:18:00,0.78
2021-03-25 08:24:00,0.772
2021-03-25 08:30:00,0.762
2021-03-25 08:36:00,0.758
2021-03-25 08:42:00,0.725
2021-03-25 08:48:00,0.717
2021-03-25 08:54:00,0.713
2021-03-25 09:00:00,0.712
2021-03-25 09:06:00,0.7
2021-03-25 09:12:00,0.693
2021-03-25 09:18:00,0.685
2021-03-25 09:24:00,0.673
2021-03-25 09:30:00,0.655
2021-03-25 09:36:00,0.63
2021-03-25 09:42:00,0.609
2021-03-25 09:48:00,0.606
2021-03-25 09:54:00,0.6
2021-03-25 10:00:00,0.61
2021-03-25 10:06:00,0.613
2021-03-25 10:12:00,0.61
2021-03-25 10:18:00,0.597
2021-03-25 10:24:00,0.577
2021-03-25 10:30:00,0.558
2021-03-25 10:36:00,0.538
2021-03-25 10:42:00,0.536
2021-03-25 10:48:00,0.535
2021-03-25 10:54:00,0.54
2021-03-25 11:00:00,0.549
2021-03-25 11:06:00,0.548
2021-03-25 11:12:00,0.548
2021-03-25 11:18:00,0.569
2021-03-25 11:24:00,0.575
2021-03-25 11:30:00,0.575
2021-03-25 11:36:00,0.569
2021-03-25 11:42:00,0.571
2021-03-25 11:48:00,0.569
2021-03-25 11:54:00,0.574
2021-03-25 12:00:00,0.581
2021-03-25 12:06:00,0.592
2021-03-25 12:12:00,0.595
2021-03-25 12:18:00,0.593
2021-03-25 12:24:00,0.597
2021-03-25 12:30:00,0.597
2021-03-25 12:36:00,0.609
2021-03-25 12:42:00,0.607
2021-03-25 12:48:00,0.596
2021-03-25 12:54:00,0.593
2021-03-25 13:00:00,0.603
2021-03-25 13:06:00,0.596
2021-03-25 13:12:00,0.592
2021-03-25 13:18:00,0.583
2021-03-25 13:24:00,0.596
2021-03-25 13:30:00,0.598
2021-03-25 13:36:00,0.591
2021-03-25 13:42:00,0.579
2021-03-25 13:48:00,0.58
2021-03-25 13:54:00,0.577
2021-03-25 14:00:00,0.574
2021-03-25 14:06:00,0.573
2021-03-25 14:12:00,0.567
2021-03-25 14:18:00,0.562
2021-03-25 14:24:00,0.559
2021-03-25 14:30:00,0.554
2021-03-25 14:36:00,0.565
2021-03-25 14:42:00,0.581
2021-03-25 14:48:00,0.591
2021-03-25 14:54:00,0.597
2021-03-25 15:00:00,0.609
2021-03-25 15:06:00,0.624
2021-03-25 15:12:00,0.638
2021-03-25 15:18:00,0.666
2021-03-25 15:24:00,0.678
2021-03-25 15:30:00,0.689
2021-03-25 15:36:00,0.71
2021-03-25 15:42:00,0.719
2021-03-25 15:48:00,0.745
2021-03-25 15:54:00,0.764
2021-03-25 16:00:00,0.771
2021-03-25 16:06:00,0.772
2021-03-25 16:12:00,0.792
2021-03-25 16:18:00,0.802
2021-03-25 16:24:00,0.818
2021-03-25 16:30:00,0.845
2021-03-25 16:36:00,0.861
2021-03-25 16:42:00,0.868
2021-03-25 16:48:00,0.881
2021-03-25 16:54:00,0.917
2021-03-25 17:00:00,0.938
2021-03-25 17:06:00,0.944
2021-03-25 17:12:00,0.937
2021-03-25 17:18:00,0.931
2021-03-25 17:24:00,0.928
2021-03-25 17:30:00,0.93
2021-03-25 17:36:00,0.941
2021-03-25 17:42:00,0.959
2021-03-25 17:48:00,0.974
2021-03-25 17:54:00,0.99
2021-03-25 18:00:00,0.988
2021-03-25 18:06:00,0.969
2021-03-25 18:12:00,0.929
2021-03-25 18:18:00,0.9
2021-03-25 18:24:00,0.891
2021-03-25 18:30:00,0.915
2021-03-25 18:36:00,0.94
2021-03-25 18:42:00,0.945
2021-03-25 18:48:00,0.945
2021-03-25 18:54:00,0.942
2021-03-25 19:00:00,0.933
2021-03-25 19:06:00,0.926
2021-03-25 19:12:00,0.929
2021-03-25 19:18:00,0.922
2021-03-25 19:24:00,0.926
2021-03-25 19:30:00,0.926
2021-03-25 19:36:00,0.949
2021-03-25 19:42:00,0.957
2021-03-25 19:48:00,0.94
2021-03-25 19:54:00,0.914
2021-03-25 20:00:00,0.901
2021-03-25 20:06:00,0.889
2021-03-25 20:12:00,0.883
2021-03-25 20:18:00,0.878
2021-03-25 20:24:00,0.887
2021-03-25 20:30:00,0.891
2021-03-25 20:36:00,0.889
2021-03-25 20:42:00,0.873
2021-03-25 20:48:00,0.866
2021-03-25 20:54:00,0.873
2021-03-25 21:00:00,0.891
2021-03-25 21:06:00,0.89
2021-03-25 21:12:00,0.883
2021-03-25 21:18:00,0.862
2021-03-25 21:24:00,0.855
2021-03-25 21:30:00,0.854
2021-03-25 21:36:00,0.85
2021-03-25 21:42:00,0.876
2021-03-25 21:48:00,0.855
2021-03-25 21:54:00,0.852
2021-03-25 22:00:00,0.86
2021-03-25 22:06:00,0.851
2021-03-25 22:12:00,0.834
2021-03-25 22:18:00,0.824
2021-03-25 22:24:00,0.811
2021-03-25 22:30:00,0.793
2021-03-25 22:36:00,0.789
2021-03-25 22:42:00,0.79
2021-03-25 22:48:00,0.768
2021-03-25 22:54:00,0.774
2021-03-25 23:00:00,0.769
2021-03-25 23:06:00,0.771
2021-03-25 23:12:00,0.775
2021-03-25 23:18:00,0.763
2021-03-25 23:24:00,0.743
2021-03-25 23:30:00,0.763
2021-03-25 23:36:00,0.768
2021-03-25 23:42:00,0.768
2021-03-25 23:48:00,0.742
2021-03-25 23:54:00,0.744
2021-03-26 00:00:00,0.752
2021-03-26 00:06:00,0.738
2021-03-26 00:12:00,0.719
2021-03-26 00:18:00,0.727
2021-03-26 00:24:00,0.741
2021-03-26 00:30:00,0.759
2021-03-26 00:36:00,0.751
2021-03-26 00:42:00,0.74
2021-03-26 00:48:00,0.736
2021-03-26 00:54:00,0.742
2021-03-26 01:00:00,0.75
2021-03-26 01:06:00,0.752
2021-03-26 01:12:00,0.742
2021-03-26 01:18:00,0.716
2021-03-26 01:24:00,0.705
2021-03-26 01:30:00,0.697
2021-03-26 01:36:00,0.7
2021-03-26 01:42:00,0.678
2021-03-26 01:48:00,0.678
2021-03-26 01:54:00,0.678
2021-03-26 02:00:00,0.664
2021-03-26 02:06:00,0.654
2021-03-26 02:12:00,0.655
2021-03-26 02:18:00,0.628
2021-03-26 02:24:00,0.607
2021-03-26 02:30:00,0.598
2021-03-26 02:36:00,0.597
2021-03-26 02:42:00,0.632
2021-03-26 02:48:00,0.63
2021-03-26 02:54:00,0.609
2021-03-26 03:00:00,0.609
2021-03-26 03:06:00,0.633
2021-03-26 03:12:00,0.611
2021-03-26 03:18:00,0.59
2021-03-26 03:24:00,0.597
2021-03-26 03:30:00,0.615
2021-03-26 03:36:00,0.65
2021-03-26 03:42:00,0.657
2021-03-26 03:48:00,0.67
2021-03-26 03:54:00,0.675
2021-03-26 04:00:00,0.686
2021-03-26 04:06:00,0.664
2021-03-26 04:12:00,0.65
2021-03-26 04:18:00,0.65
2021-03-26 04:24:00,0.665
2021-03-26 04:30:00,0.665
2021-03-26 04:36:00,0.666
2021-03-26 04:42:00,0.684
2021-03-26 04:48:00,0.692
2021-03-26 04:54:00,0.703
2021-03-26 05:00:00,0.703
2021-03-26 05:06:00,0.712
2021-03-26 05:12:00,0.689
2021-03-26 05:18:00,0.682
2021-03-26 05:24:00,0.677
2021-03-26 05:30:00,0.671
2021-03-26 05:36:00,0.658
2021-03-26 05:42:00,0.667
2021-03-26 05:48:00,0.653
2021-03-26 05:54:00,0.66
2021-03-26 06:00:00,0.638
2021-03-26 06:06:00,0.616
2021-03-26 06:12:00,0.601
2021-03-26 06:18:00,0.598
2021-03-26 06:24:00,0.581
2021-03-26 06:30:00,0.587
2021-03-26 06:36:00,0.581
2021-03-26 06:42:00,0.576
2021-03-26 06:48:00,0.557
2021-03-26 06:54:00,0.548
2021-03-26 07:00:00,0.541
2021-03-26 07:06:00,0.528
2021-03-26 07:12:00,0.507
2021-03-26 07:18:00,0.509
2021-03-26 07:24:00,0.518
2021-03-26 07:30:00,0.51
2021-03-26 07:36:00,0.524
2021-03-26 07:42:00,0.526
2021-03-26 07:48:00,0.51
2021-03-26 07:54:00,0.491
2021-03-26 08:00:00,0.473
2021-03-26 08:06:00,0.474
2021-03-26 08:12:00,0.465
2021-03-26 08:18:00,0.465
2021-03-26 08:24:00,0.462
2021-03-26 08:30:00,0.464
2021-03-26 08:36:00,0.458
2021-03-26 08:42:00,0.442
2021-03-26 08:48:00,0.423
2021-03-26 08:54:00,0.423
2021-03-26 09:00:00,0.425
2021-03-26 09:06:00,0.41
2021-03-26 09:12:00,0.408
2021-03-26 09:18:00,0.384
2021-03-26 09:24:00,0.372
2021-03-26 09:30:00,0.372
2021-03-26 09:36:00,0.36
2021-03-26 09:42:00,0.349
2021-03-26 09:48:00,0.333
2021-03-26 09:54:00,0.318
2021-03-26 10:00:00,0.308
2021-03-26 10:06:00,0.295
2021-03-26 10:12:00,0.285
2021-03-26 10:18:00,0.28
2021-03-26 10:24:00,0.263
2021-03-26 10:30:00,0.255
2021-03-26 10:36:00,0.241
2021-03-26 10:42:00,0.238
2021-03-26 10:48:00,0.233
2021-03-26 10:54:00,0.222
2021-03-26 11:00:00,0.207
2021-03-26 11:06:00,0.191
2021-03-26 11:12:00,0.186
2021-03-26 11:18:00,0.184
2021-03-26 11:24:00,0.187
2021-03-26 11:30:00,0.192
2021-03-26 11:36:00,0.192
2021-03-26 11:42:00,0.188
2021-03-26 11:48:00,0.189
2021-03-26 11:54:00,0.181
2021-03-26 12:00:00,0.174
2021-03-26 12:06:00,0.172
2021-03-26 12:12:00,0.17
2021-03-26 12:18:00,0.174
2021-03-26 12:24:00,0.182
2021-03-26 12:30:00,0.188
2021-03-26 12:36:00,0.187
2021-03-26 12:42:00,0.188
2021-03-26 12:48:00,0.185
2021-03-26 12:54:00,0.191
2021-03-26 13:00:00,0.197
2021-03-26 13:06:00,0.192
2021-03-26 13:12:00,0.192
2021-03-26 13:18:00,0.198
2021-03-26 13:24:00,0.201
2021-03-26 13:30:00,0.209
2021-03-26 13:36:00,0.218
2021-03-26 13:42:00,0.228
2021-03-26 13:48:00,0.234
2021-03-26 13:54:00,0.228
2021-03-26 14:00:00,0.215
2021-03-26 14:06:00,0.213
2021-03-26 14:12:00,0.235
2021-03-26 14:18:00,0.253
2021-03-26 14:24:00,0.276
2021-03-26 14:30:00,0.272
2021-03-26 14:36:00,0.28
2021-03-26 14:42:00,0.291
2021-03-26 14:48:00,0.315
2021-03-26 14:54:00,0.316
2021-03-26 15:00:00,0.323
2021-03-26 15:06:00,0.334
2021-03-26 15:12:00,0.351
2021-03-26 15:18:00,0.373
2021-03-26 15:24:00,0.385
2021-03-26 15:30:00,0.395
2021-03-26 15:36:00,0.407
2021-03-26 15:42:00,0.425
2021-03-26 15:48:00,0.446
2021-03-26 15:54:00,0.453
2021-03-26 16:00:00,0.46
2021-03-26 16:06:00,0.469
2021-03-26 16:12:00,0.485
2021-03-26 16:18:00,0.496
2021-03-26 16:24:00,0.521
2021-03-26 16:30:00,0.528
2021-03-26 16:36:00,0.539
2021-03-26 16:42:00,0.556
2021-03-26 16:48:00,0.554
2021-03-26 16:54:00,0.588
2021-03-26 17:00:00,0.605
2021-03-26 17:06:00,0.605
2021-03-26 17:12:00,0.597
2021-03-26 17:18:00,0.612
2021-03-26 17:24:00,0.622
2021-03-26 17:30:00,0.632
2021-03-26 17:36:00,0.633
2021-03-26 17:42:00,0.647
2021-03-26 17:48:00,0.654
2021-03-26 17:54:00,0.681
2021-03-26 18:00:00,0.698
2021-03-26 18:06:00,0.712
2021-03-26 18:12:00,0.711
2021-03-26 18:18:00,0.71
2021-03-26 18:24:00,0.714
2021-03-26 18:30:00,0.731
2021-03-26 18:36:00,0.733
2021-03-26 18:42:00,0.733
2021-03-26 18:48:00,0.763
2021-03-26 18:54:00,0.773
2021-03-26 19:00:00,0.791
2021-03-26 19:06:00,0.793
2021-03-26 19:12:00,0.786
2021-03-26 19:18:00,0.781
2021-03-26 19:24:00,0.806
2021-03-26 19:30:00,0.827
2021-03-26 19:36:00,0.837
2021-03-26 19:42:00,0.839
2021-03-26 19:48:00,0.848
2021-03-26 19:54:00,0.86
2021-03-26 20:00:00,0.864
2021-03-26 20:06:00,0.858
2021-03-26 20:12:00,0.835
2021-03-26 20:18:00,0.82
2021-03-26 20:24:00,0.831
2021-03-26 20:30:00,0.835
2021-03-26 20:36:00,0.835
2021-03-26 20:42:00,0.838
2021-03-26 20:48:00,0.827
2021-03-26 20:54:00,0.815
2021-03-26 21:00:00,0.796
2021-03-26 21:06:00,0.779
2021-03-26 21:12:00,0.767
2021-03-26 21:18:00,0.75
2021-03-26 21:24:00,0.73
2021-03-26 21:30:00,0.722
2021-03-26 21:36:00,0.712
2021-03-26 21:42:00,0.703
2021-03-26 21:48:00,0.698
2021-03-26 21:54:00,0.693
2021-03-26 22:00:00,0.704
2021-03-26 22:06:00,0.696
2021-03-26 22:12:00,0.673
2021-03-26 22:18:00,0.654
2021-03-26 22:24:00,0.649
2021-03-26 22:30:00,0.645
2021-03-26 22:36:00,0.638
2021-03-26 22:42:00,0.641
2021-03-26 22:48:00,0.635
2021-03-26 22:54:00,0.625
2021-03-26 23:00:00,0.625
2021-03-26 23:06:00,0.626
2021-03-26 23:12:00,0.626
2021-03-26 23:18:00,0.619
2021-03-26 23:24:00,0.607
2021-03-26 23:30:00,0.595
2021-03-26 23:36:00,0.596
2021-03-26 23:42:00,0.602
2021-03-26 23:48:00,0.619
2021-03-26 23:54:00,0.623
2021-03-27 00:00:00,0.613
2021-03-27 00:06:00,0.621
2021-03-27 00:12:00,0.626
2021-03-27 00:18:00,0.629
2021-03-27 00:24:00,0.626
2021-03-27 00:30:00,0.629
2021-03-27 00:36:00,0.643
2021-03-27 00:42:00,0.648
2021-03-27 00:48:00,0.634
2021-03-27 00:54:00,0.638
2021-03-27 01:00:00,0.664
2021-03-27 01:06:00,0.678
2021-03-27 01:12:00,0.688
2021-03-27 01:18:00,0.686
2021-03-27 01:24:00,0.697
2021-03-27 01:30:00,0.697
2021-03-27 01:36:00,0.699
2021-03-27 01:42:00,0.705
2021-03-27 01:48:00,0.707
2021-03-27 01:54:00,0.707
2021-03-27 02:00:00,0.716
2021-03-27 02:06:00,0.727
2021-03-27 02:12:00,0.735
2021-03-27 02:18:00,0.729
2021-03-27 02:24:00,0.741
2021-03-27 02:30:00,0.768
2021-03-27 02:36:00,0.768
2021-03-27 02:42:00,0.775
2021-03-27 02:48:00,0.783
2021-03-27 02:54:00,0.802
2021-03-27 03:00:00,0.79
2021-03-27 03:06:00,0.799
2021-03-27 03:12:00,0.796
2021-03-27 03:18:00,0.79
2021-03-27 03:24:00,0.8
2021-03-27 03:30:00,0.805
2021-03-27 03:36:00,0.816
2021-03-27 03:42:00,0.828
2021-03-27 03:48:00,0.839
2021-03-27 03:54:00,0.831
2021-03-27 04:00:00,0.83
2021-03-27 04:06:00,0.83
2021-03-27 04:12:00,0.839
2021-03-27 04:18:00,0.857
2021-03-27 04:24:00,0.855
2021-03-27 04:30:00,0.842
2021-03-27 04:36:00,0.843
2021-03-27 04:42:00,0.846
2021-03-27 04:48:00,0.845
2021-03-27 04:54:00,0.835
2021-03-27 05:00:00,0.836
2021-03-27 05:06:00,0.837
2021-03-27 05:12:00,0.834
2021-03-27 05:18:00,0.846
2021-03-27 05:24:00,0.865
2021-03-27 05:30:00,0.873
2021-03-27 05:36:00,0.856
2021-03-27 05:42:00,0.862
2021-03-27 05:48:00,0.85
2021-03-27 05:54:00,0.86
2021-03-27 06:00:00,0.864
2021-03-27 06:06:00,0.872
2021-03-27 06:12:00,0.885
2021-03-27 06:18:00,0.888
2021-03-27 06:24:00,0.88
2021-03-27 06:30:00,0.876
2021-03-27 06:36:00,0.875
2021-03-27 06:42:00,0.885
2021-03-27 06:48:00,0.879
2021-03-27 06:54:00,0.88
2021-03-27 07:00:00,0.882
2021-03-27 07:06:00,0.883
2021-03-27 07:12:00,0.883
2021-03-27 07:18:00,0.883
2021-03-27 07:24:00,0.885
2021-03-27 07:30:00,0.878
2021-03-27 07:36:00,0.883
2021-03-27 07:42:00,0.878
2021-03-27 07:48:00,0.883
2021-03-27 07:54:00,0.889
2021-03-27 08:00:00,0.863
2021-03-27 08:06:00,0.842
2021-03-27 08:12:00,0.842
2021-03-27 08:18:00,0.841
2021-03-27 08:24:00,0.848
2021-03-27 08:30:00,0.845
2021-03-27 08:36:00,0.824
2021-03-27 08:42:00,0.828
2021-03-27 08:48:00,0.819
2021-03-27 08:54:00,0.8
2021-03-27 09:00:00,0.793
2021-03-27 09:06:00,0.784
2021-03-27 09:12:00,0.775
2021-03-27 09:18:00,0.77
2021-03-27 09:24:00,0.763
2021-03-27 09:30:00,0.755
2021-03-27 09:36:00,0.742
2021-03-27 09:42:00,0.727
2021-03-27 09:48:00,0.725
2021-03-27 09:54:00,0.709
2021-03-27 10:00:00,0.687
2021-03-27 10:06:00,0.673
2021-03-27 10:12:00,0.671
2021-03-27 10:18:00,0.654
2021-03-27 10:24:00,0.635
2021-03-27 10:30:00,0.613
2021-03-27 10:36:00,0.607
2021-03-27 10:42:00,0.601
2021-03-27 10:48:00,0.587
2021-03-27 10:54:00,0.568
2021-03-27 11:00:00,0.556
2021-03-27 11:06:00,0.548
2021-03-27 11:12:00,0.541
2021-03-27 11:18:00,0.522
2021-03-27 11:24:00,0.525
2021-03-27 11:30:00,0.514
2021-03-27 11:36:00,0.497
2021-03-27 11:42:00,0.49
2021-03-27 11:48:00,0.483
2021-03-27 11:54:00,0.478
2021-03-27 12:00:00,0.47
2021-03-27 12:06:00,0.461
2021-03-27 12:12:00,0.457
2021-03-27 12:18:00,0.45
2021-03-27 12:24:00,0.445
2021-03-27 12:30:00,0.443
2021-03-27 12:36:00,0.45
2021-03-27 12:42:00,0.453
2021-03-27 12:48:00,0.449
2021-03-27 12:54:00,0.445
2021-03-27 13:00:00,0.447
2021-03-27 13:06:00,0.452
2021-03-27 13:12:00,0.455
2021-03-27 13:18:00,0.469
2021-03-27 13:24:00,0.473
2021-03-27 13:30:00,0.473
2021-03-27 13:36:00,0.471
2021-03-27 13:42:00,0.471
2021-03-27 13:48:00,0.476
2021-03-27 13:54:00,0.476
2021-03-27 14:00:00,0.471
2021-03-27 14:06:00,0.483
2021-03-27 14:12:00,0.487
2021-03-27 14:18:00,0.501
2021-03-27 14:24:00,0.511
2021-03-27 14:30:00,0.521
2021-03-27 14:36:00,0.527
2021-03-27 14:42:00,0.532
2021-03-27 14:48:00,0.544
2021-03-27 14:54:00,0.555
2021-03-27 15:00:00,0.555
2021-03-27 15:06:00,0.564
2021-03-27 15:12:00,0.572
2021-03-27 15:18:00,0.583
2021-03-27 15:24:00,0.596
2021-03-27 15:30:00,0.6
2021-03-27 15:36:00,0.605
2021-03-27 15:42:00,0.619
2021-03-27 15:48:00,0.629
2021-03-27 15:54:00,0.631
2021-03-27 16:00:00,0.632
2021-03-27 16:06:00,0.629
2021-03-27 16:12:00,0.639
2021-03-27 16:18:00,0.645
2021-03-27 16:24:00,0.662
2021-03-27 16:30:00,0.673
2021-03-27 16:36:00,0.697
2021-03-27 16:42:00,0.7
2021-03-27 16:48:00,0.704
2021-03-27 16:54:00,0.702
2021-03-27 17:00:00,0.702
2021-03-27 17:06:00,0.706
2021-03-27 17:12:00,0.712
2021-03-27 17:18:00,0.727
2021-03-27 17:24:00,0.728
2021-03-27 17:30:00,0.739
2021-03-27 17:36:00,0.741
2021-03-27 17:42:00,0.74
2021-03-27 17:48:00,0.75
2021-03-27 17:54:00,0.75
2021-03-27 18:00:00,0.761
2021-03-27 18:06:00,0.76
2021-03-27 18:12:00,0.766
2021-03-27 18:18:00,0.776
2021-03-27 18:24:00,0.777
2021-03-27 18:30:00,0.787
2021-03-27 18:36:00,0.796
2021-03-27 18:42:00,0.801
2021-03-27 18:48:00,0.799
2021-03-27 18:54:00,0.799
2021-03-27 19:00:00,0.8
2021-03-27 19:06:00,0.81
2021-03-27 19:12:00,0.825
2021-03-27 19:18:00,0.836
2021-03-27 19:24:00,0.833
2021-03-27 19:30:00,0.815
2021-03-27 19:36:00,0.812
2021-03-27 19:42:00,0.83
2021-03-27 19:48:00,0.83
2021-03-27 19:54:00,0.826
2021-03-27 20:00:00,0.826
2021-03-27 20:06:00,0.832
2021-03-27 20:12:00,0.83
2021-03-27 20:18:00,0.826
2021-03-27 20:24:00,0.832
2021-03-27 20:30:00,0.846
2021-03-27 20:36:00,0.841
2021-03-27 20:42:00,0.828
2021-03-27 20:48:00,0.815
2021-03-27 20:54:00,0.817
2021-03-27 21:00:00,0.82
2021-03-27 21:06:00,0.825
2021-03-27 21:12:00,0.826
2021-03-27 21:18:00,0.826
2021-03-27 21:24:00,0.818
2021-03-27 21:30:00,0.806
2021-03-27 21:36:00,0.792
2021-03-27 21:42:00,0.786
2021-03-27 21:48:00,0.778
2021-03-27 21:54:00,0.781
2021-03-27 22:00:00,0.787
2021-03-27 22:06:00,0.781
2021-03-27 22:12:00,0.769
2021-03-27 22:18:00,0.749
2021-03-27 22:24:00,0.722
2021-03-27 22:30:00,0.71
2021-03-27 22:36:00,0.705
2021-03-27 22:42:00,0.702
2021-03-27 22:48:00,0.699
2021-03-27 22:54:00,0.691
2021-03-27 23:00:00,0.677
2021-03-27 23:06:00,0.663
2021-03-27 23:12:00,0.64
2021-03-27 23:18:00,0.636
2021-03-27 23:24:00,0.639
2021-03-27 23:30:00,0.627
2021-03-27 23:36:00,0.62
2021-03-27 23:42:00,0.622
2021-03-27 23:48:00,0.614
2021-03-27 23:54:00,0.596
2021-03-28 00:00:00,0.581
2021-03-28 00:06:00,0.572
2021-03-28 00:12:00,0.564
2021-03-28 00:18:00,0.56
2021-03-28 00:24:00,0.565
2021-03-28 00:30:00,0.558
2021-03-28 00:36:00,0.547
2021-03-28 00:42:00,0.536
2021-03-28 00:48:00,0.522
2021-03-28 00:54:00,0.513
2021-03-28 01:00:00,0.505
2021-03-28 01:06:00,0.508
2021-03-28 01:12:00,0.511
2021-03-28 01:18:00,0.508
2021-03-28 01:24:00,0.508
2021-03-28 01:30:00,0.506
2021-03-28 01:36:00,0.507
2021-03-28 01:42:00,0.518
2021-03-28 01:48:00,0.525
2021-03-28 01:54:00,0.525
2021-03-28 02:00:00,0.526
2021-03-28 02:06:00,0.534
2021-03-28 02:12:00,0.537
2021-03-28 02:18:00,0.528
2021-03-28 02:24:00,0.54
2021-03-28 02:30:00,0.554
2021-03-28 02:36:00,0.562
2021-03-28 02:42:00,0.572
2021-03-28 02:48:00,0.581
2021-03-28 02:54:00,0.586
2021-03-28 03:00:00,0.604
2021-03-28 03:06:00,0.605
2021-03-28 03:12:00,0.605
2021-03-28 03:18:00,0.617
2021-03-28 03:24:00,0.629
2021-03-28 03:30:00,0.64
2021-03-28 03:36:00,0.654
2021-03-28 03:42:00,0.67
2021-03-28 03:48:00,0.683
2021-03-28 03:54:00,0.692
2021-03-28 04:00:00,0.698
2021-03-28 04:06:00,0.705
2021-03-28 04:12:00,0.706
2021-03-28 04:18:00,0.72
2021-03-28 04:24:00,0.727
2021-03-28 04:30:00,0.727
2021-03-28 04:36:00,0.723
2021-03-28 04:42:00,0.733
2021-03-28 04:48:00,0.736
2021-03-28 04:54:00,0.744
2021-03-28 05:00:00,0.745
2021-03-28 05:06:00,0.745
2021-03-28 05:12:00,0.749
2021-03-28 05:18:00,0.754
2021-03-28 05:24:00,0.752
2021-03-28 05:30:00,0.756
2021-03-28 05:36:00,0.755
2021-03-28 05:42:00,0.77
2021-03-28 05:48:00,0.773
2021-03-28 05:54:00,0.771
2021-03-28 06:00:00,0.793
2021-03-28 06:06:00,0.785
2021-03-28 06:12:00,0.781
2021-03-28 06:18:00,0.783
2021-03-28 06:24:00,0.786
2021-03-28 06:30:00,0.79
2021-03-28 06:36:00,0.789
2021-03-28 06:42:00,0.801
2021-03-28 06:48:00,0.788
2021-03-28 06:54:00,0.793
2021-03-28 07:00:00,0.793
2021-03-28 07:06:00,0.8
2021-03-28 07:12:00,0.795
2021-03-28 07:18:00,0.791
2021-03-28 07:24:00,0.793
2021-03-28 07:30:00,0.79
2021-03-28 07:36:00,0.783
2021-03-28 07:42:00,0.801
2021-03-28 07:48:00,0.818
2021-03-28 07:54:00,0.824
2021-03-28 08:00:00,0.824
2021-03-28 08:06:00,0.814
2021-03-28 08:12:00,0.796
2021-03-28 08:18:00,0.789
2021-03-28 08:24:00,0.789
2021-03-28 08:30:00,0.782
2021-03-28 08:36:00,0.799
2021-03-28 08:42:00,0.795
2021-03-28 08:48:00,0.79
2021-03-28 08:54:00,0.788
2021-03-28 09:00:00,0.783
2021-03-28 09:06:00,0.768
2021-03-28 09:12:00,0.759
2021-03-28 09:18:00,0.753
2021-03-28 09:24:00,0.743
2021-03-28 09:30:00,0.738
2021-03-28 09:36:00,0.724
2021-03-28 09:42:00,0.7
2021-03-28 09:48:00,0.695
2021-03-28 09:54:00,0.683
2021-03-28 10:00:00,0.68
2021-03-28 10:06:00,0.673
2021-03-28 10:12:00,0.66
2021-03-28 10:18:00,0.646
2021-03-28 10:24:00,0.634
2021-03-28 10:30:00,0.626
2021-03-28 10:36:00,0.6
2021-03-28 10:42:00,0.584
2021-03-28 10:48:00,0.566
2021-03-28 10:54:00,0.562
2021-03-28 11:00:00,0.55
2021-03-28 11:06:00,0.542
2021-03-28 11:12:00,0.524
2021-03-28 11:18:00,0.513
2021-03-28 11:24:00,0.499
2021-03-28 11:30:00,0.481
2021-03-28 11:36:00,0.471
2021-03-28 11:42:00,0.457
2021-03-28 11:48:00,0.442
2021-03-28 11:54:00,0.421
2021-03-28 12:00:00,0.406
2021-03-28 12:06:00,0.387
2021-03-28 12:12:00,0.386
2021-03-28 12:18:00,0.42
2021-03-28 12:24:00,0.421
2021-03-28 12:30:00,0.398
2021-03-28 12:36:00,0.37
2021-03-28 12:42:00,0.357
2021-03-28 12:48:00,0.34
2021-03-28 12:54:00,0.337
2021-03-28 13:00:00,0.337
2021-03-28 13:06:00,0.336
2021-03-28 13:12:00,0.337
2021-03-28 13:18:00,0.336
2021-03-28 13:24:00,0.339
2021-03-28 13:30:00,0.336
2021-03-28 13:36:00,0.335
2021-03-28 13:42:00,0.325
2021-03-28 13:48:00,0.324
2021-03-28 13:54:00,0.329
2021-03-28 14:00:00,0.336
2021-03-28 14:06:00,0.337
2021-03-28 14:12:00,0.331
2021-03-28 14:18:00,0.342
2021-03-28 14:24:00,0.35
2021-03-28 14:30:00,0.358
2021-03-28 14:36:00,0.365
2021-03-28 14:42:00,0.362
2021-03-28 14:48:00,0.361
2021-03-28 14:54:00,0.36
2021-03-28 15:00:00,0.372
2021-03-28 15:06:00,0.389
2021-03-28 15:12:00,0.395
2021-03-28 15:18:00,0.387
2021-03-28 15:24:00,0.402
2021-03-28 15:30:00,0.423
2021-03-28 15:36:00,0.426
2021-03-28 15:42:00,0.426
2021-03-28 15:48:00,0.429
2021-03-28 15:54:00,0.429
2021-03-28 16:00:00,0.417
2021-03-28 16:06:00,0.425
2021-03-28 16:12:00,0.439
2021-03-28 16:18:00,0.454
2021-03-28 16:24:00,0.462
2021-03-28 16:30:00,0.481
2021-03-28 16:36:00,0.482
2021-03-28 16:42:00,0.481
2021-03-28 16:48:00,0.488
2021-03-28 16:54:00,0.509
2021-03-28 17:00:00,0.522
2021-03-28 17:06:00,0.515
2021-03-28 17:12:00,0.53
2021-03-28 17:18:00,0.534
2021-03-28 17:24:00,0.53
2021-03-28 17:30:00,0.54
2021-03-28 17:36:00,0.561
2021-03-28 17:42:00,0.559
2021-03-28 17:48:00,0.558
2021-03-28 17:54:00,0.556
2021-03-28 18:00:00,0.565
2021-03-28 18:06:00,0.574
2021-03-28 18:12:00,0.602
2021-03-28 18:18:00,0.622
2021-03-28 18:24:00,0.617
2021-03-28 18:30:00,0.613
2021-03-28 18:36:00,0.609
2021-03-28 18:42:00,0.605
2021-03-28 18:48:00,0.617
2021-03-28 18:54:00,0.616
2021-03-28 19:00:00,0.621
2021-03-28 19:06:00,0.626
2021-03-28 19:12:00,0.63
2021-03-28 19:18:00,0.62
2021-03-28 19:24:00,0.616
2021-03-28 19:30:00,0.612
2021-03-28 19:36:00,0.596
2021-03-28 19:42:00,0.589
2021-03-28 19:48:00,0.576
2021-03-28 19:54:00,0.578
2021-03-28 20:00:00,0.577
2021-03-28 20:06:00,0.565
2021-03-28 20:12:00,0.547
2021-03-28 20:18:00,0.532
2021-03-28 20:24:00,0.51
2021-03-28 20:30:00,0.525
2021-03-28 20:36:00,0.55
2021-03-28 20:42:00,0.558
2021-03-28 20:48:00,0.579
2021-03-28 20:54:00,0.54
2021-03-28 21:00:00,0.48
2021-03-28 21:06:00,0.39
2021-03-28 21:12:00,0.351
2021-03-28 21:18:00,0.304
2021-03-28 21:24:00,0.284
2021-03-28 21:30:00,0.276
2021-03-28 21:36:00,0.257
2021-03-28 21:42:00,0.235
2021-03-28 21:48:00,0.222
2021-03-28 21:54:00,0.209
2021-03-28 22:00:00,0.196
2021-03-28 22:06:00,0.181
2021-03-28 22:12:00,0.172
2021-03-28 22:18:00,0.165
2021-03-28 22:24:00,0.163
2021-03-28 22:30:00,0.16
2021-03-28 22:36:00,0.17
2021-03-28 22:42:00,0.168
2021-03-28 22:48:00,0.167
2021-03-28 22:54:00,0.171
2021-03-28 23:00:00,0.168
2021-03-28 23:06:00,0.165
2021-03-28 23:12:00,0.159
2021-03-28 23:18:00,0.167
2021-03-28 23:24:00,0.182
2021-03-28 23:30:00,0.195
2021-03-28 23:36:00,0.203
2021-03-28 23:42:00,0.189
2021-03-28 23:48:00,0.176
2021-03-28 23:54:00,0.164
2021-03-29 00:00:00,0.152
2021-03-29 00:06:00,0.165
2021-03-29 00:12:00,0.168
2021-03-29 00:18:00,0.192
2021-03-29 00:24:00,0.196
2021-03-29 00:30:00,0.215
2021-03-29 00:36:00,0.237
2021-03-29 00:42:00,0.257
2021-03-29 00:48:00,0.26
2021-03-29 00:54:00,0.254
2021-03-29 01:00:00,0.274
2021-03-29 01:06:00,0.294
2021-03-29 01:12:00,0.305
2021-03-29 01:18:00,0.312
2021-03-29 01:24:00,0.302
2021-03-29 01:30:00,0.31
2021-03-29 01:36:00,0.295
2021-03-29 01:42:00,0.3
2021-03-29 01:48:00,0.317
2021-03-29 01:54:00,0.326
2021-03-29 02:00:00,0.33
2021-03-29 02:06:00,0.328
2021-03-29 02:12:00,0.324
2021-03-29 02:18:00,0.33
2021-03-29 02:24:00,0.337
2021-03-29 02:30:00,0.383
2021-03-29 02:36:00,0.402
2021-03-29 02:42:00,0.416
2021-03-29 02:48:00,0.403
2021-03-29 02:54:00,0.408
2021-03-29 03:00:00,0.411
2021-03-29 03:06:00,0.388
2021-03-29 03:12:00,0.406
2021-03-29 03:18:00,0.399
2021-03-29 03:24:00,0.426
2021-03-29 03:30:00,0.433
2021-03-29 03:36:00,0.432
2021-03-29 03:42:00,0.408
2021-03-29 03:48:00,0.415
2021-03-29 03:54:00,0.403
2021-03-29 04:00:00,0.405
2021-03-29 04:06:00,0.404
2021-03-29 04:12:00,0.386
2021-03-29 04:18:00,0.372
2021-03-29 04:24:00,0.365
2021-03-29 04:30:00,0.343
2021-03-29 04:36:00,0.333
2021-03-29 04:42:00,0.316
2021-03-29 04:48:00,0.306
2021-03-29 04:54:00,0.291
2021-03-29 05:00:00,0.267
2021-03-29 05:06:00,0.252
2021-03-29 05:12:00,0.253
2021-03-29 05:18:00,0.241
2021-03-29 05:24:00,0.234
2021-03-29 05:30:00,0.247
2021-03-29 05:36:00,0.268
2021-03-29 05:42:00,0.268
2021-03-29 05:48:00,0.265
2021-03-29 05:54:00,0.234
2021-03-29 06:00:00,0.251
2021-03-29 06:06:00,0.247
2021-03-29 06:12:00,0.252
2021-03-29 06:18:00,0.264
2021-03-29 06:24:00,0.26
2021-03-29 06:30:00,0.261
2021-03-29 06:36:00,0.251
2021-03-29 06:42:00,0.267
2021-03-29 06:48:00,0.282
2021-03-29 06:54:00,0.292
2021-03-29 07:00:00,0.278
2021-03-29 07:06:00,0.266
2021-03-29 07:12:00,0.277
2021-03-29 07:18:00,0.284
2021-03-29 07:24:00,0.299
2021-03-29 07:30:00,0.296
2021-03-29 07:36:00,0.311
2021-03-29 07:42:00,0.317
2021-03-29 07:48:00,0.346
2021-03-29 07:54:00,0.347
2021-03-29 08:00:00,0.379
2021-03-29 08:06:00,0.391
2021-03-29 08:12:00,0.395
2021-03-29 08:18:00,0.411
2021-03-29 08:24:00,0.437
2021-03-29 08:30:00,0.458
2021-03-29 08:36:00,0.461
2021-03-29 08:42:00,0.481
2021-03-29 08:48:00,0.476
2021-03-29 08:54:00,0.487
2021-03-29 09:00:00,0.492
2021-03-29 09:06:00,0.503
2021-03-29 09:12:00,0.521
2021-03-29 09:18:00,0.531
2021-03-29 09:24:00,0.558
2021-03-29 09:30:00,0.571
2021-03-29 09:36:00,0.573
2021-03-29 09:42:00,0.585
2021-03-29 09:48:00,0.589
2021-03-29 09:54:00,0.567
2021-03-29 10:00:00,0.578
2021-03-29 10:06:00,0.599
2021-03-29 10:12:00,0.608
2021-03-29 10:18:00,0.597
2021-03-29 10:24:00,0.617
2021-03-29 10:30:00,0.637
2021-03-29 10:36:00,0.611
2021-03-29 10:42:00,0.608
2021-03-29 10:48:00,0.611
2021-03-29 10:54:00,0.603
2021-03-29 11:00:00,0.596
2021-03-29 11:06:00,0.595
2021-03-29 11:12:00,0.614
2021-03-29 11:18:00,0.621
2021-03-29 11:24:00,0.638
2021-03-29 11:30:00,0.643
2021-03-29 11:36:00,0.617
2021-03-29 11:42:00,0.607
2021-03-29 11:48:00,0.591
2021-03-29 11:54:00,0.597
2021-03-29 12:00:00,0.595
2021-03-29 12:06:00,0.598
2021-03-29 12:12:00,0.601
2021-03-29 12:18:00,0.594
2021-03-29 12:24:00,0.573
2021-03-29 12:30:00,0.546
2021-03-29 12:36:00,0.538
2021-03-29 12:42:00,0.537
2021-03-29 12:48:00,0.529
2021-03-29 12:54:00,0.526
2021-03-29 13:00:00,0.525
2021-03-29 13:06:00,0.507
2021-03-29 13:12:00,0.508
2021-03-29 13:18:00,0.502
2021-03-29 13:24:00,0.494
2021-03-29 13:30:00,0.473
2021-03-29 13:36:00,0.453
2021-03-29 13:42:00,0.448
2021-03-29 13:48:00,0.426
2021-03-29 13:54:00,0.426
2021-03-29 14:00:00,0.429
2021-03-29 14:06:00,0.431
2021-03-29 14:12:00,0.432
2021-03-29 14:18:00,0.426
2021-03-29 14:24:00,0.423
2021-03-29 14:30:00,0.41
2021-03-29 14:36:00,0.402
2021-03-29 14:42:00,0.404
2021-03-29 14:48:00,0.419
2021-03-29 14:54:00,0.434
2021-03-29 15:00:00,0.431
2021-03-29 15:06:00,0.422
2021-03-29 15:12:00,0.42
2021-03-29 15:18:00,0.42
2021-03-29 15:24:00,0.395
2021-03-29 15:30:00,0.397
2021-03-29 15:36:00,0.415
2021-03-29 15:42:00,0.437
2021-03-29 15:48:00,0.443
2021-03-29 15:54:00,0.444
2021-03-29 16:00:00,0.438
2021-03-29 16:06:00,0.438
2021-03-29 16:12:00,0.445
2021-03-29 16:18:00,0.452
2021-03-29 16:24:00,0.455
2021-03-29 16:30:00,0.468
2021-03-29 16:36:00,0.472
2021-03-29 16:42:00,0.468
2021-03-29 16:48:00,0.472
2021-03-29 16:54:00,0.485
2021-03-29 17:00:00,0.494
2021-03-29 17:06:00,0.508
2021-03-29 17:12:00,0.508
2021-03-29 17:18:00,0.531
2021-03-29 17:24:00,0.528
2021-03-29 17:30:00,0.517
2021-03-29 17:36:00,0.538
2021-03-29 17:42:00,0.554
2021-03-29 17:48:00,0.585
2021-03-29 17:54:00,0.592
2021-03-29 18:00:00,0.599
2021-03-29 18:06:00,0.605
2021-03-29 18:12:00,0.611
2021-03-29 18:18:00,0.628
2021-03-29 18:24:00,0.645
2021-03-29 18:30:00,0.65
2021-03-29 18:36:00,0.656
2021-03-29 18:42:00,0.669
2021-03-29 18:48:00,0.686
2021-03-29 18:54:00,0.695
2021-03-29 19:00:00,0.712
2021-03-29 19:06:00,0.715
2021-03-29 19:12:00,0.714
2021-03-29 19:18:00,0.732
2021-03-29 19:24:00,0.74
2021-03-29 19:30:00,0.748
2021-03-29 19:36:00,0.759
2021-03-29 19:42:00,0.772
2021-03-29 19:48:00,0.786
2021-03-29 19:54:00,0.794
2021-03-29 20:00:00,0.807
2021-03-29 20:06:00,0.821
2021-03-29 20:12:00,0.818
2021-03-29 20:18:00,0.827
2021-03-29 20:24:00,0.835
2021-03-29 20:30:00,0.847
2021-03-29 20:36:00,0.854
2021-03-29 20:42:00,0.849
2021-03-29 20:48:00,0.856
2021-03-29 20:54:00,0.86
2021-03-29 21:00:00,0.848
2021-03-29 21:06:00,0.841
2021-03-29 21:12:00,0.838
2021-03-29 21:18:00,0.828
2021-03-29 21:24:00,0.822
2021-03-29 21:30:00,0.819
2021-03-29 21:36:00,0.832
2021-03-29 21:42:00,0.837
2021-03-29 21:48:00,0.85
2021-03-29 21:54:00,0.821
2021-03-29 22:00:00,0.817
2021-03-29 22:06:00,0.826
2021-03-29 22:12:00,0.821
2021-03-29 22:18:00,0.819
2021-03-29 22:24:00,0.803
2021-03-29 22:30:00,0.777
2021-03-29 22:36:00,0.759
2021-03-29 22:42:00,0.744
2021-03-29 22:48:00,0.744
2021-03-29 22:54:00,0.732
2021-03-29 23:00:00,0.723
2021-03-29 23:06:00,0.718
2021-03-29 23:12:00,0.72
2021-03-29 23:18:00,0.7
2021-03-29 23:24:00,0.677
2021-03-29 23:30:00,0.662
2021-03-29 23:36:00,0.627
2021-03-29 23:42:00,0.603
2021-03-29 23:48:00,0.571
2021-03-29 23:54:00,0.572
2021-03-30 00:00:00,0.571
2021-03-30 00:06:00,0.566
2021-03-30 00:12:00,0.56
2021-03-30 00:18:00,0.546
2021-03-30 00:24:00,0.537
2021-03-30 00:30:00,0.512
2021-03-30 00:36:00,0.485
2021-03-30 00:42:00,0.481
2021-03-30 00:48:00,0.473
2021-03-30 00:54:00,0.46
2021-03-30 01:00:00,0.451
2021-03-30 01:06:00,0.444
2021-03-30 01:12:00,0.432
2021-03-30 01:18:00,0.413
2021-03-30 01:24:00,0.392
2021-03-30 01:30:00,0.379
2021-03-30 01:36:00,0.368
2021-03-30 01:42:00,0.367
2021-03-30 01:48:00,0.362
2021-03-30 01:54:00,0.374
2021-03-30 02:00:00,0.366
2021-03-30 02:06:00,0.348
2021-03-30 02:12:00,0.347
2021-03-30 02:18:00,0.343
2021-03-30 02:24:00,0.345
2021-03-30 02:30:00,0.34
2021-03-30 02:36:00,0.347
2021-03-30 02:42:00,0.363
2021-03-30 02:48:00,0.365
2021-03-30 02:54:00,0.359
2021-03-30 03:00:00,0.358
2021-03-30 03:06:00,0.373
2021-03-30 03:12:00,0.378
2021-03-30 03:18:00,0.375
2021-03-30 03:24:00,0.371
2021-03-30 03:30:00,0.396
2021-03-30 03:36:00,0.393
2021-03-30 03:42:00,0.393
2021-03-30 03:48:00,0.392
2021-03-30 03:54:00,0.412
2021-03-30 04:00:00,0.417
2021-03-30 04:06:00,0.409
2021-03-30 04:12:00,0.412
2021-03-30 04:18:00,0.428
2021-03-30 04:24:00,0.44
2021-03-30 04:30:00,0.464
2021-03-30 04:36:00,0.463
2021-03-30 04:42:00,0.47
2021-03-30 04:48:00,0.458
2021-03-30 04:54:00,0.462
2021-03-30 05:00:00,0.479
2021-03-30 05:06:00,0.497
2021-03-30 05:12:00,0.503
2021-03-30 05:18:00,0.525
2021-03-30 05:24:00,0.528
2021-03-30 05:30:00,0.537
2021-03-30 05:36:00,0.541
2021-03-30 05:42:00,0.547
2021-03-30 05:48:00,0.563
2021-03-30 05:54:00,0.571
2021-03-30 06:00:00,0.577
2021-03-30 06:06:00,0.592
2021-03-30 06:12:00,0.608
2021-03-30 06:18:00,0.616
2021-03-30 06:24:00,0.625
2021-03-30 06:30:00,0.628
2021-03-30 06:36:00,0.639
2021-03-30 06:42:00,0.646
2021-03-30 06:48:00,0.669
2021-03-30 06:54:00,0.672
2021-03-30 07:00:00,0.683
2021-03-30 07:06:00,0.695
2021-03-30 07:12:00,0.718
2021-03-30 07:18:00,0.72
2021-03-30 07:24:00,0.724
2021-03-30 07:30:00,0.735
2021-03-30 07:36:00,0.746
2021-03-30 07:42:00,0.755
2021-03-30 07:48:00,0.776
2021-03-30 07:54:00,0.791
2021-03-30 08:00:00,0.801
2021-03-30 08:06:00,0.812
2021-03-30 08:12:00,0.818
2021-03-30 08:18:00,0.826
2021-03-30 08:24:00,0.834
2021-03-30 08:30:00,0.843
2021-03-30 08:36:00,0.852
2021-03-30 08:42:00,0.855
2021-03-30 08:48:00,0.862
2021-03-30 08:54:00,0.89
2021-03-30 09:00:00,0.904
2021-03-30 09:06:00,0.899
2021-03-30 09:12:00,0.906
2021-03-30 09:18:00,0.909
2021-03-30 09:24:00,0.9
2021-03-30 09:30:00,0.912
2021-03-30 09:36:00,0.923
2021-03-30 09:42:00,0.93
2021-03-30 09:48:00,0.946
2021-03-30 09:54:00,0.96
2021-03-30 10:00:00,0.963
2021-03-30 10:06:00,0.972
2021-03-30 10:12:00,0.981
2021-03-30 10:18:00,0.98
2021-03-30 10:24:00,0.987
2021-03-30 10:30:00,0.99
2021-03-30 10:36:00,0.993
2021-03-30 10:42:00,0.985
2021-03-30 10:48:00,0.978
2021-03-30 10:54:00,0.974
2021-03-30 11:00:00,0.969
2021-03-30 11:06:00,0.963
2021-03-30 11:12:00,0.95
2021-03-30 11:18:00,0.95
2021-03-30 11:24:00,0.943
2021-03-30 11:30:00,0.927
2021-03-30 11:36:00,0.925
2021-03-30 11:42:00,0.924
2021-03-30 11:48:00,0.904
2021-03-30 11:54:00,0.879
2021-03-30 12:00:00,0.864
2021-03-30 12:06:00,0.845
2021-03-30 12:12:00,0.83
2021-03-30 12:18:00,0.834
2021-03-30 12:24:00,0.823
2021-03-30 12:30:00,0.806
2021-03-30 12:36:00,0.774
2021-03-30 12:42:00,0.761
2021-03-30 12:48:00,0.751
2021-03-30 12:54:00,0.744
2021-03-30 13:00:00,0.743
2021-03-30 13:06:00,0.739
2021-03-30 13:12:00,0.73
2021-03-30 13:18:00,0.724
2021-03-30 13:24:00,0.725
2021-03-30 13:30:00,0.725
2021-03-30 13:36:00,0.718
2021-03-30 13:42:00,0.713
2021-03-30 13:48:00,0.713
2021-03-30 13:54:00,0.721
2021-03-30 14:00:00,0.714
2021-03-30 14:06:00,0.708
2021-03-30 14:12:00,0.704
2021-03-30 14:18:00,0.692
2021-03-30 14:24:00,0.687
2021-03-30 14:30:00,0.693
2021-03-30 14:36:00,0.701
2021-03-30 14:42:00,0.704
2021-03-30 14:48:00,0.694
2021-03-30 14:54:00,0.702
2021-03-30 15:00:00,0.713
2021-03-30 15:06:00,0.708
2021-03-30 15:12:00,0.702
2021-03-30 15:18:00,0.698
2021-03-30 15:24:00,0.694
2021-03-30 15:30:00,0.696
2021-03-30 15:36:00,0.701
2021-03-30 15:42:00,0.72
2021-03-30 15:48:00,0.728
2021-03-30 15:54:00,0.722
2021-03-30 16:00:00,0.728
2021-03-30 16:06:00,0.726
2021-03-30 16:12:00,0.731
2021-03-30 16:18:00,0.728
2021-03-30 16:24:00,0.726
2021-03-30 16:30:00,0.727
2021-03-30 16:36:00,0.725
2021-03-30 16:42:00,0.726
2021-03-30 16:48:00,0.73
2021-03-30 16:54:00,0.734
2021-03-30 17:00:00,0.742
2021-03-30 17:06:00,0.734
2021-03-30 17:12:00,0.716
2021-03-30 17:18:00,0.708
2021-03-30 17:24:00,0.712
2021-03-30 17:30:00,0.727
2021-03-30 17:36:00,0.725
2021-03-30 17:42:00,0.732
2021-03-30 17:48:00,0.73
2021-03-30 17:54:00,0.731
2021-03-30 18:00:00,0.733
2021-03-30 18:06:00,0.737
2021-03-30 18:12:00,0.742
2021-03-30 18:18:00,0.75
2021-03-30 18:24:00,0.752
2021-03-30 18:30:00,0.756
2021-03-30 18:36:00,0.754
2021-03-30 18:42:00,0.755
2021-03-30 18:48:00,0.772
2021-03-30 18:54:00,0.79
2021-03-30 19:00:00,0.789
2021-03-30 19:06:00,0.778
2021-03-30 19:12:00,0.773
2021-03-30 19:18:00,0.772
2021-03-30 19:24:00,0.776
2021-03-30 19:30:00,0.782
2021-03-30 19:36:00,0.785
2021-03-30 19:42:00,0.774
2021-03-30 19:48:00,0.775
2021-03-30 19:54:00,0.776
2021-03-30 20:00:00,0.785
2021-03-30 20:06:00,0.779
2021-03-30 20:12:00,0.773
2021-03-30 20:18:00,0.771
2021-03-30 20:24:00,0.772
2021-03-30 20:30:00,0.773
2021-03-30 20:36:00,0.784
2021-03-30 20:42:00,0.786
2021-03-30 20:48:00,0.782
2021-03-30 20:54:00,0.78
2021-03-30 21:00:00,0.781
2021-03-30 21:06:00,0.775
2021-03-30 21:12:00,0.771
2021-03-30 21:18:00,0.769
2021-03-30 21:24:00,0.769
2021-03-30 21:30:00,0.778
2021-03-30 21:36:00,0.771
2021-03-30 21:42:00,0.763
2021-03-30 21:48:00,0.758
2021-03-30 21:54:00,0.762
2021-03-30 22:00:00,0.756
2021-03-30 22:06:00,0.749
2021-03-30 22:12:00,0.736
2021-03-30 22:18:00,0.741
2021-03-30 22:24:00,0.75
2021-03-30 22:30:00,0.747
2021-03-30 22:36:00,0.728
2021-03-30 22:42:00,0.719
2021-03-30 22:48:00,0.726
2021-03-30 22:54:00,0.726
2021-03-30 23:00:00,0.707
2021-03-30 23:06:00,0.698
2021-03-30 23:12:00,0.695
2021-03-30 23:18:00,0.69
2021-03-30 23:24:00,0.68
2021-03-30 23:30:00,0.669
2021-03-30 23:36:00,0.666
2021-03-30 23:42:00,0.657
2021-03-30 23:48:00,0.637
2021-03-30 23:54:00,0.631
2021-03-31 00:00:00,0.628
2021-03-31 00:06:00,0.624
2021-03-31 00:12:00,0.611
2021-03-31 00:18:00,0.595
2021-03-31 00:24:00,0.583
2021-03-31 00:30:00,0.566
2021-03-31 00:36:00,0.558
2021-03-31 00:42:00,0.543
2021-03-31 00:48:00,0.526
2021-03-31 00:54:00,0.513
2021-03-31 01:00:00,0.5
2021-03-31 01:06:00,0.488
2021-03-31 01:12:00,0.474
2021-03-31 01:18:00,0.464
2021-03-31 01:24:00,0.456
2021-03-31 01:30:00,0.44
2021-03-31 01:36:00,0.423
2021-03-31 01:42:00,0.408
2021-03-31 01:48:00,0.396
2021-03-31 01:54:00,0.388
2021-03-31 02:00:00,0.373
2021-03-31 02:06:00,0.366
2021-03-31 02:12:00,0.356
2021-03-31 02:18:00,0.346
2021-03-31 02:24:00,0.333
2021-03-31 02:30:00,0.321
2021-03-31 02:36:00,0.308
2021-03-31 02:42:00,0.305
2021-03-31 02:48:00,0.292
2021-03-31 02:54:00,0.285
2021-03-31 03:00:00,0.274
2021-03-31 03:06:00,0.266
2021-03-31 03:12:00,0.259
2021-03-31 03:18:00,0.252
2021-03-31 03:24:00,0.243
2021-03-31 03:30:00,0.246
2021-03-31 03:36:00,0.249
2021-03-31 03:42:00,0.244
2021-03-31 03:48:00,0.239
2021-03-31 03:54:00,0.238
2021-03-31 04:00:00,0.233
2021-03-31 04:06:00,0.238
2021-03-31 04:12:00,0.241
2021-03-31 04:18:00,0.24
2021-03-31 04:24:00,0.236
2021-03-31 04:30:00,0.244
2021-03-31 04:36:00,0.257
2021-03-31 04:42:00,0.261
2021-03-31 04:48:00,0.287
2021-03-31 04:54:00,0.277
2021-03-31 05:00:00,0.28
2021-03-31 05:06:00,0.281
2021-03-31 05:12:00,0.289
2021-03-31 05:18:00,0.303
2021-03-31 05:24:00,0.31
2021-03-31 05:30:00,0.308
2021-03-31 05:36:00,0.312
2021-03-31 05:42:00,0.327
2021-03-31 05:48:00,0.335
2021-03-31 05:54:00,0.352
2021-03-31 06:00:00,0.356
2021-03-31 06:06:00,0.358
2021-03-31 06:12:00,0.372
2021-03-31 06:18:00,0.378
2021-03-31 06:24:00,0.395
2021-03-31 06:30:00,0.404
2021-03-31 06:36:00,0.415
2021-03-31 06:42:00,0.422
2021-03-31 06:48:00,0.436
2021-03-31 06:54:00,0.444
2021-03-31 07:00:00,0.457
2021-03-31 07:06:00,0.462
2021-03-31 07:12:00,0.487
2021-03-31 07:18:00,0.497
2021-03-31 07:24:00,0.498
2021-03-31 07:30:00,0.514
2021-03-31 07:36:00,0.521
2021-03-31 07:42:00,0.545
2021-03-31 07:48:00,0.561
2021-03-31 07:54:00,0.574
2021-03-31 08:00:00,0.587
2021-03-31 08:06:00,0.599
2021-03-31 08:12:00,0.612
2021-03-31 08:18:00,0.623
2021-03-31 08:24:00,0.623
2021-03-31 08:30:00,0.649
2021-03-31 08:36:00,0.667
2021-03-31 08:42:00,0.681
2021-03-31 08:48:00,0.692
2021-03-31 08:54:00,0.702
2021-03-31 09:00:00,0.722
2021-03-31 09:06:00,0.728
2021-03-31 09:12:00,0.732
2021-03-31 09:18:00,0.762
2021-03-31 09:24:00,0.78
2021-03-31 09:30:00,0.777
2021-03-31 09:36:00,0.781
2021-03-31 09:42:00,0.797
2021-03-31 09:48:00,0.806
2021-03-31 09:54:00,0.823
2021-03-31 10:00:00,0.828
2021-03-31 10:06:00,0.829
2021-03-31 10:12:00,0.832
2021-03-31 10:18:00,0.833
2021-03-31 10:24:00,0.837
2021-03-31 10:30:00,0.833
2021-03-31 10:36:00,0.831
2021-03-31 10:42:00,0.834
2021-03-31 10:48:00,0.837
2021-03-31 10:54:00,0.839
2021-03-31 11:00:00,0.847
2021-03-31 11:06:00,0.855
2021-03-31 11:12:00,0.854
2021-03-31 11:18:00,0.835
2021-03-31 11:24:00,0.822
2021-03-31 11:30:00,0.812
2021-03-31 11:36:00,0.82
2021-03-31 11:42:00,0.818
2021-03-31 11:48:00,0.822
2021-03-31 11:54:00,0.807
2021-03-31 12:00:00,0.801
2021-03-31 12:06:00,0.795
2021-03-31 12:12:00,0.788
2021-03-31 12:18:00,0.785
2021-03-31 12:24:00,0.787
2021-03-31 12:30:00,0.775
2021-03-31 12:36:00,0.773
2021-03-31 12:42:00,0.764
2021-03-31 12:48:00,0.757
2021-03-31 12:54:00,0.764
2021-03-31 13:00:00,0.765
2021-03-31 13:06:00,0.759
2021-03-31 13:12:00,0.738
2021-03-31 13:18:00,0.716
2021-03-31 13:24:00,0.704
2021-03-31 13:30:00,0.701
2021-03-31 13:36:00,0.7
2021-03-31 13:42:00,0.701
2021-03-31 13:48:00,0.686
2021-03-31 13:54:00,0.678
2021-03-31 14:00:00,0.661
2021-03-31 14:06:00,0.654
2021-03-31 14:12:00,0.649
2021-03-31 14:18:00,0.646
2021-03-31 14:24:00,0.636
2021-03-31 14:30:00,0.63
2021-03-31 14:36:00,0.629
2021-03-31 14:42:00,0.638
2021-03-31 14:48:00,0.646
2021-03-31 14:54:00,0.639
2021-03-31 15:00:00,0.629
2021-03-31 15:06:00,0.622
2021-03-31 15:12:00,0.621
2021-03-31 15:18:00,0.623
2021-03-31 15:24:00,0.638
2021-03-31 15:30:00,0.632
2021-03-31 15:36:00,0.627
2021-03-31 15:42:00,0.625
2021-03-31 15:48:00,0.626
2021-03-31 15:54:00,0.629
2021-03-31 16:00:00,0.64
2021-03-31 16:06:00,0.647
2021-03-31 16:12:00,0.634
2021-03-31 16:18:00,0.629
2021-03-31 16:24:00,0.626
2021-03-31 16:30:00,0.641
2021-03-31 16:36:00,0.642
2021-03-31 16:42:00,0.648
2021-03-31 16:48:00,0.648
2021-03-31 16:54:00,0.644
2021-03-31 17:00:00,0.634
2021-03-31 17:06:00,0.64
2021-03-31 17:12:00,0.633
2021-03-31 17:18:00,0.624
2021-03-31 17:24:00,0.612
2021-03-31 17:30:00,0.611
2021-03-31 17:36:00,0.605
2021-03-31 17:42:00,0.611
2021-03-31 17:48:00,0.616
2021-03-31 17:54:00,0.622
2021-03-31 18:00:00,0.611
2021-03-31 18:06:00,0.598
2021-03-31 18:12:00,0.59
2021-03-31 18:18:00,0.578
2021-03-31 18:24:00,0.595
2021-03-31 18:30:00,0.593
2021-03-31 18:36:00,0.594
2021-03-31 18:42:00,0.591
2021-03-31 18:48:00,0.585
2021-03-31 18:54:00,0.59
2021-03-31 19:00:00,0.593
2021-03-31 19:06:00,0.595
2021-03-31 19:12:00,0.599
2021-03-31 19:18:00,0.582
2021-03-31 19:24:00,0.592
2021-03-31 19:30:00,0.597
2021-03-31 19:36:00,0.603
2021-03-31 19:42:00,0.593
2021-03-31 19:48:00,0.583
2021-03-31 19:54:00,0.597
2021-03-31 20:00:00,0.623
2021-03-31 20:06:00,0.617
2021-03-31 20:12:00,0.622
2021-03-31 20:18:00,0.615
2021-03-31 20:24:00,0.616
2021-03-31 20:30:00,0.603
2021-03-31 20:36:00,0.607
2021-03-31 20:42:00,0.61
2021-03-31 20:48:00,0.596
2021-03-31 20:54:00,0.603
2021-03-31 21:00:00,0.61
2021-03-31 21:06:00,0.609
2021-03-31 21:12:00,0.613
2021-03-31 21:18:00,0.609
2021-03-31 21:24:00,0.596
2021-03-31 21:30:00,0.585
2021-03-31 21:36:00,0.593
2021-03-31 21:42:00,0.57
2021-03-31 21:48:00,0.562
2021-03-31 21:54:00,0.563
2021-03-31 22:00:00,0.565
2021-03-31 22:06:00,0.556
2021-03-31 22:12:00,0.56
2021-03-31 22:18:00,0.561
2021-03-31 22:24:00,0.554
2021-03-31 22:30:00,0.542
2021-03-31 22:36:00,0.537
2021-03-31 22:42:00,0.537
2021-03-31 22:48:00,0.546
2021-03-31 22:54:00,0.546
2021-03-31 23:00:00,0.542
2021-03-31 23:06:00,0.53
2021-03-31 23:12:00,0.521
2021-03-31 23:18:00,0.506
2021-03-31 23:24:00,0.487
2021-03-31 23:30:00,0.481
2021-03-31 23:36:00,0.47
2021-03-31 23:42:00,0.462
2021-03-31 23:48:00,0.431
2021-03-31 23:54:00,0.402
2021-04-01 00:00:00,0.379
2021-04-01 00:06:00,0.339
2021-04-01 00:12:00,0.319
2021-04-01 00:18:00,0.288
2021-04-01 00:24:00,0.262
2021-04-01 00:30:00,0.241
2021-04-01 00:36:00,0.223
2021-04-01 00:42:00,0.213
2021-04-01 00:48:00,0.192
2021-04-01 00:54:00,0.186
2021-04-01 01:00:00,0.167
2021-04-01 01:06:00,0.148
2021-04-01 01:12:00,0.124
2021-04-01 01:18:00,0.12
2021-04-01 01:24:00,0.099
2021-04-01 01:30:00,0.086
2021-04-01 01:36:00,0.074
2021-04-01 01:42:00,0.064
2021-04-01 01:48:00,0.057
2021-04-01 01:54:00,0.038
2021-04-01 02:00:00,0.031
2021-04-01 02:06:00,0.017
2021-04-01 02:12:00,0.004
2021-04-01 02:18:00,-0.001
2021-04-01 02:24:00,-0.011
2021-04-01 02:30:00,-0.021
2021-04-01 02:36:00,-0.03
2021-04-01 02:42:00,-0.038
2021-04-01 02:48:00,-0.05
2021-04-01 02:54:00,-0.049
2021-04-01 03:00:00,-0.061
2021-04-01 03:06:00,-0.075
2021-04-01 03:12:00,-0.079
2021-04-01 03:18:00,-0.09
2021-04-01 03:24:00,-0.095
2021-04-01 03:30:00,-0.103
2021-04-01 03:36:00,-0.109
2021-04-01 03:42:00,-0.113
2021-04-01 03:48:00,-0.124
2021-04-01 03:54:00,-0.12
2021-04-01 04:00:00,-0.123
2021-04-01 04:06:00,-0.131
2021-04-01 04:12:00,-0.135
2021-04-01 04:18:00,-0.147
2021-04-01 04:24:00,-0.15
2021-04-01 04:30:00,-0.157
2021-04-01 04:36:00,-0.154
2021-04-01 04:42:00,-0.16
2021-04-01 04:48:00,-0.164
2021-04-01 04:54:00,-0.172
2021-04-01 05:00:00,-0.172
2021-04-01 05:06:00,-0.175
2021-04-01 05:12:00,-0.175
2021-04-01 05:18:00,-0.181
2021-04-01 05:24:00,-0.187
2021-04-01 05:30:00,-0.187
2021-04-01 05:36:00,-0.19
2021-04-01 05:42:00,-0.186
2021-04-01 05:48:00,-0.186
2021-04-01 05:54:00,-0.18
2021-04-01 06:00:00,-0.164
2021-04-01 06:06:00,-0.159
2021-04-01 06:12:00,-0.144
2021-04-01 06:18:00,-0.139
2021-04-01 06:24:00,-0.13
2021-04-01 06:30:00,-0.121
2021-04-01 06:36:00,-0.107
2021-04-01 06:42:00,-0.095
2021-04-01 06:48:00,-0.079
2021-04-01 06:54:00,-0.062
2021-04-01 07:00:00,-0.044
2021-04-01 07:06:00,-0.019
2021-04-01 07:12:00,-0.002
2021-04-01 07:18:00,0.013
2021-04-01 07:24:00,0.021
2021-04-01 07:30:00,0.032
2021-04-01 07:36:00,0.028
2021-04-01 07:42:00,0.031
2021-04-01 07:48:00,0.029
2021-04-01 07:54:00,0.038
2021-04-01 08:00:00,0.042
2021-04-01 08:06:00,0.045
2021-04-01 08:12:00,0.045
2021-04-01 08:18:00,0.046
2021-04-01 08:24:00,0.049
2021-04-01 08:30:00,0.039
2021-04-01 08:36:00,0.037
2021-04-01 08:42:00,0.042
2021-04-01 08:48:00,0.047
2021-04-01 08:54:00,0.059
2021-04-01 09:00:00,0.069
2021-04-01 09:06:00,0.074
2021-04-01 09:12:00,0.071
2021-04-01 09:18:00,0.073
2021-04-01 09:24:00,0.069
2021-04-01 09:30:00,0.071
2021-04-01 09:36:00,0.061
2021-04-01 09:42:00,0.063
2021-04-01 09:48:00,0.056
2021-04-01 09:54:00,0.06
2021-04-01 10:00:00,0.052
2021-04-01 10:06:00,0.051
2021-04-01 10:12:00,0.055
2021-04-01 10:18:00,0.055
2021-04-01 10:24:00,0.062
2021-04-01 10:30:00,0.07
2021-04-01 10:36:00,0.068
2021-04-01 10:42:00,0.07
2021-04-01 10:48:00,0.07
2021-04-01 10:54:00,0.066
2021-04-01 11:00:00,0.061
2021-04-01 11:06:00,0.07
2021-04-01 11:12:00,0.072
2021-04-01 11:18:00,0.084
2021-04-01 11:24:00,0.086
2021-04-01 11:30:00,0.094
2021-04-01 11:36:00,0.093
2021-04-01 11:42:00,0.094
2021-04-01 11:48:00,0.095
2021-04-01 11:54:00,0.108
2021-04-01 12:00:00,0.11
2021-04-01 12:06:00,0.111
2021-04-01 12:12:00,0.102
2021-04-01 12:18:00,0.1
2021-04-01 12:24:00,0.096
2021-04-01 12:30:00,0.096
2021-04-01 12:36:00,0.091
2021-04-01 12:42:00,0.1
2021-04-01 12:48:00,0.098
2021-04-01 12:54:00,0.101
2021-04-01 13:00:00,0.094
2021-04-01 13:06:00,0.09
2021-04-01 13:12:00,0.092
2021-04-01 13:18:00,0.094
2021-04-01 13:24:00,0.102
2021-04-01 13:30:00,0.101
2021-04-01 13:36:00,0.116
2021-04-01 13:42:00,0.121
2021-04-01 13:48:00,0.14
2021-04-01 13:54:00,0.149
2021-04-01 14:00:00,0.145
2021-04-01 14:06:00,0.153
2021-04-01 14:12:00,0.154
2021-04-01 14:18:00,0.161
2021-04-01 14:24:00,0.169
2021-04-01 14:30:00,0.169
2021-04-01 14:36:00,0.162
2021-04-01 14:42:00,0.17
2021-04-01 14:48:00,0.178
2021-04-01 14:54:00,0.174
2021-04-01 15:00:00,0.185
2021-04-01 15:06:00,0.201
2021-04-01 15:12:00,0.207
2021-04-01 15:18:00,0.207
2021-04-01 15:24:00,0.212
2021-04-01 15:30:00,0.212
2021-04-01 15:36:00,0.231
2021-04-01 15:42:00,0.242
2021-04-01 15:48:00,0.247
2021-04-01 15:54:00,0.25
2021-04-01 16:00:00,0.26
2021-04-01 16:06:00,0.274
2021-04-01 16:12:00,0.271
2021-04-01 16:18:00,0.276
2021-04-01 16:24:00,0.284
2021-04-01 16:30:00,0.293
2021-04-01 16:36:00,0.298
2021-04-01 16:42:00,0.304
2021-04-01 16:48:00,0.313
2021-04-01 16:54:00,0.328
2021-04-01 17:00:00,0.346
2021-04-01 17:06:00,0.367
2021-04-01 17:12:00,0.386
2021-04-01 17:18:00,0.414
2021-04-01 17:24:00,0.426
2021-04-01 17:30:00,0.443
2021-04-01 17:36:00,0.458
2021-04-01 17:42:00,0.46
2021-04-01 17:48:00,0.495
2021-04-01 17:54:00,0.517
2021-04-01 18:00:00,0.549
2021-04-01 18:06:00,0.582
2021-04-01 18:12:00,0.589
2021-04-01 18:18:00,0.603
2021-04-01 18:24:00,0.615
2021-04-01 18:30:00,0.626
2021-04-01 18:36:00,0.629
2021-04-01 18:42:00,0.644
2021-04-01 18:48:00,0.655
2021-04-01 18:54:00,0.648
2021-04-01 19:00:00,0.648
2021-04-01 19:06:00,0.65
2021-04-01 19:12:00,0.659
2021-04-01 19:18:00,0.664
2021-04-01 19:24:00,0.667
2021-04-01 19:30:00,0.666
2021-04-01 19:36:00,0.655
2021-04-01 19:42:00,0.654
2021-04-01 19:48:00,0.659
2021-04-01 19:54:00,0.664
2021-04-01 20:00:00,0.658
2021-04-01 20:06:00,0.649
2021-04-01 20:12:00,0.644
2021-04-01 20:18:00,0.644
2021-04-01 20:24:00,0.64
2021-04-01 20:30:00,0.639
2021-04-01 20:36:00,0.634
2021-04-01 20:42:00,0.633
2021-04-01 20:48:00,0.637
2021-04-01 20:54:00,0.638
2021-04-01 21:00:00,0.629
2021-04-01 21:06:00,0.62
2021-04-01 21:12:00,0.62
2021-04-01 21:18:00,0.608
2021-04-01 21:24:00,0.604
2021-04-01 21:30:00,0.598
2021-04-01 21:36:00,0.598
2021-04-01 21:42:00,0.6
2021-04-01 21:48:00,0.585
2021-04-01 21:54:00,0.574
2021-04-01 22:00:00,0.576
2021-04-01 22:06:00,0.587
2021-04-01 22:12:00,0.591
2021-04-01 22:18:00,0.577
2021-04-01 22:24:00,0.554
2021-04-01 22:30:00,0.544
2021-04-01 22:36:00,0.539
2021-04-01 22:42:00,0.54
2021-04-01 22:48:00,0.542
2021-04-01 22:54:00,0.544
2021-04-01 23:00:00,0.549
2021-04-01 23:06:00,0.558
2021-04-01 23:12:00,0.545
2021-04-01 23:18:00,0.517
2021-04-01 23:24:00,0.49
2021-04-01 23:30:00,0.468
2021-04-01 23:36:00,0.463
2021-04-01 23:42:00,0.446
2021-04-01 23:48:00,0.435
2021-04-01 23:54:00,0.419
2021-04-02 00:00:00,0.409
2021-04-02 00:06:00,0.405
2021-04-02 00:12:00,0.396
2021-04-02 00:18:00,0.387
2021-04-02 00:24:00,0.378
2021-04-02 00:30:00,0.366
2021-04-02 00:36:00,0.351
2021-04-02 00:42:00,0.342
2021-04-02 00:48:00,0.319
2021-04-02 00:54:00,0.309
2021-04-02 01:00:00,0.291
2021-04-02 01:06:00,0.285
2021-04-02 01:12:00,0.278
2021-04-02 01:18:00,0.269
2021-04-02 01:24:00,0.263
2021-04-02 01:30:00,0.255
2021-04-02 01:36:00,0.25
2021-04-02 01:42:00,0.248
2021-04-02 01:48:00,0.244
2021-04-02 01:54:00,0.234
2021-04-02 02:00:00,0.22
2021-04-02 02:06:00,0.21
2021-04-02 02:12:00,0.203
2021-04-02 02:18:00,0.193
2021-04-02 02:24:00,0.183
2021-04-02 02:30:00,0.171
2021-04-02 02:36:00,0.158
2021-04-02 02:42:00,0.145
2021-04-02 02:48:00,0.136
2021-04-02 02:54:00,0.123
2021-04-02 03:00:00,0.114
2021-04-02 03:06:00,0.1
2021-04-02 03:12:00,0.09
2021-04-02 03:18:00,0.078
2021-04-02 03:24:00,0.07
2021-04-02 03:30:00,0.057
2021-04-02 03:36:00,0.049
2021-04-02 03:42:00,0.037
2021-04-02 03:48:00,0.024
2021-04-02 03:54:00,0.013
2021-04-02 04:00:00,0.001
2021-04-02 04:06:00,-0.003
2021-04-02 04:12:00,-0.017
2021-04-02 04:18:00,-0.023
2021-04-02 04:24:00,-0.032
2021-04-02 04:30:00,-0.033
2021-04-02 04:36:00,-0.037
2021-04-02 04:42:00,-0.045
2021-04-02 04:48:00,-0.05
2021-04-02 04:54:00,-0.055
2021-04-02 05:00:00,-0.062
2021-04-02 05:06:00,-0.063
2021-04-02 05:12:00,-0.063
2021-04-02 05:18:00,-0.069
2021-04-02 05:24:00,-0.072
2021-04-02 05:30:00,-0.078
2021-04-02 05:36:00,-0.081
2021-04-02 05:42:00,-0.082
2021-04-02 05:48:00,-0.087
2021-04-02 05:54:00,-0.089
2021-04-02 06:00:00,-0.093
2021-04-02 06:06:00,-0.093
2021-04-02 06:12:00,-0.09
2021-04-02 06:18:00,-0.087
2021-04-02 06:24:00,-0.085
2021-04-02 06:30:00,-0.084
2021-04-02 06:36:00,-0.085
2021-04-02 06:42:00,-0.079
2021-04-02 06:48:00,-0.08
2021-04-02 06:54:00,-0.078
2021-04-02 07:00:00,-0.078
2021-04-02 07:06:00,-0.072
2021-04-02 07:12:00,-0.07
2021-04-02 07:18:00,-0.072
2021-04-02 07:24:00,-0.068
2021-04-02 07:30:00,-0.066
2021-04-02 07:36:00,-0.065
2021-04-02 07:42:00,-0.062
2021-04-02 07:48:00,-0.058
2021-04-02 07:54:00,-0.054
2021-04-02 08:00:00,-0.051
2021-04-02 08:06:00,-0.048
2021-04-02 08:12:00,-0.039
2021-04-02 08:18:00,-0.034
2021-04-02 08:24:00,-0.023
2021-04-02 08:30:00,-0.015
2021-04-02 08:36:00,-0.005
2021-04-02 08:42:00,0.001
2021-04-02 08:48:00,0.012
2021-04-02 08:54:00,0.022
2021-04-02 09:00:00,0.042
2021-04-02 09:06:00,0.053
2021-04-02 09:12:00,0.059
2021-04-02 09:18:00,0.072
2021-04-02 09:24:00,0.07
2021-04-02 09:30:00,0.086
2021-04-02 09:36:00,0.104
2021-04-02 09:42:00,0.112
2021-04-02 09:48:00,0.125
2021-04-02 09:54:00,0.138
2021-04-02 10:00:00,0.157
2021-04-02 10:06:00,0.172
2021-04-02 10:12:00,0.194
2021-04-02 10:18:00,0.211
2021-04-02 10:24:00,0.229
2021-04-02 10:30:00,0.239
2021-04-02 10:36:00,0.247
2021-04-02 10:42:00,0.265
2021-04-02 10:48:00,0.279
2021-04-02 10:54:00,0.303
2021-04-02 11:00:00,0.324
2021-04-02 11:06:00,0.336
2021-04-02 11:12:00,0.354
2021-04-02 11:18:00,0.373
2021-04-02 11:24:00,0.397
2021-04-02 11:30:00,0.415
2021-04-02 11:36:00,0.438
2021-04-02 11:42:00,0.451
2021-04-02 11:48:00,0.469
2021-04-02 11:54:00,0.498
2021-04-02 12:00:00,0.51
2021-04-02 12:06:00,0.533
2021-04-02 12:12:00,0.539
2021-04-02 12:18:00,0.552
2021-04-02 12:24:00,0.57
2021-04-02 12:30:00,0.595
2021-04-02 12:36:00,0.608
2021-04-02 12:42:00,0.622
2021-04-02 12:48:00,0.626
2021-04-02 12:54:00,0.64
2021-04-02 13:00:00,0.646
2021-04-02 13:06:00,0.648
2021-04-02 13:12:00,0.657
2021-04-02 13:18:00,0.672
2021-04-02 13:24:00,0.678
2021-04-02 13:30:00,0.683
2021-04-02 13:36:00,0.696
2021-04-02 13:42:00,0.69
2021-04-02 13:48:00,0.688
2021-04-02 13:54:00,0.704
2021-04-02 14:00:00,0.71
2021-04-02 14:06:00,0.715
2021-04-02 14:12:00,0.721
2021-04-02 14:18:00,0.717
2021-04-02 14:24:00,0.717
2021-04-02 14:30:00,0.718
2021-04-02 14:36:00,0.724
2021-04-02 14:42:00,0.721
2021-04-02 14:48:00,0.719
2021-04-02 14:54:00,0.714
2021-04-02 15:00:00,0.729
2021-04-02 15:06:00,0.728
2021-04-02 15:12:00,0.731
2021-04-02 15:18:00,0.724
2021-04-02 15:24:00,0.727
2021-04-02 15:30:00,0.736
2021-04-02 15:36:00,0.735
2021-04-02 15:42:00,0.726
2021-04-02 15:48:00,0.732
2021-04-02 15:54:00,0.729
2021-04-02 16:00:00,0.729
2021-04-02 16:06:00,0.735
2021-04-02 16:12:00,0.742
2021-04-02 16:18:00,0.738
2021-04-02 16:24:00,0.739
2021-04-02 16:30:00,0.741
2021-04-02 16:36:00,0.732
2021-04-02 16:42:00,0.732
2021-04-02 16:48:00,0.737
2021-04-02 16:54:00,0.737
2021-04-02 17:00:00,0.743
2021-04-02 17:06:00,0.736
2021-04-02 17:12:00,0.729
2021-04-02 17:18:00,0.729
2021-04-02 17:24:00,0.723
2021-04-02 17:30:00,0.726
2021-04-02 17:36:00,0.721
2021-04-02 17:42:00,0.725
2021-04-02 17:48:00,0.725
2021-04-02 17:54:00,0.711
2021-04-02 18:00:00,0.706
2021-04-02 18:06:00,0.707
2021-04-02 18:12:00,0.704
2021-04-02 18:18:00,0.71
2021-04-02 18:24:00,0.704
2021-04-02 18:30:00,0.704
2021-04-02 18:36:00,0.71
2021-04-02 18:42:00,0.718
2021-04-02 18:48:00,0.726
2021-04-02 18:54:00,0.728
2021-04-02 19:00:00,0.725
2021-04-02 19:06:00,0.734
2021-04-02 19:12:00,0.732
2021-04-02 19:18:00,0.736
2021-04-02 19:24:00,0.732
2021-04-02 19:30:00,0.735
2021-04-02 19:36:00,0.741
2021-04-02 19:42:00,0.744
2021-04-02 19:48:00,0.749
2021-04-02 19:54:00,0.753
2021-04-02 20:00:00,0.746
2021-04-02 20:06:00,0.753
2021-04-02 20:12:00,0.752
2021-04-02 20:18:00,0.755
2021-04-02 20:24:00,0.755
2021-04-02 20:30:00,0.758
2021-04-02 20:36:00,0.762
2021-04-02 20:42:00,0.748
2021-04-02 20:48:00,0.74
2021-04-02 20:54:00,0.738
2021-04-02 21:00:00,0.729
2021-04-02 21:06:00,0.726
2021-04-02 21:12:00,0.726
2021-04-02 21:18:00,0.726
2021-04-02 21:24:00,0.73
2021-04-02 21:30:00,0.722
2021-04-02 21:36:00,0.719
2021-04-02 21:42:00,0.714
2021-04-02 21:48:00,0.71
2021-04-02 21:54:00,0.703
2021-04-02 22:00:00,0.703
2021-04-02 22:06:00,0.691
2021-04-02 22:12:00,0.684
2021-04-02 22:18:00,0.682
2021-04-02 22:24:00,0.685
2021-04-02 22:30:00,0.684
2021-04-02 22:36:00,0.681
2021-04-02 22:42:00,0.67
2021-04-02 22:48:00,0.672
2021-04-02 22:54:00,0.669
2021-04-02 23:00:00,0.671
2021-04-02 23:06:00,0.661
2021-04-02 23:12:00,0.664
2021-04-02 23:18:00,0.659
2021-04-02 23:24:00,0.657
2021-04-02 23:30:00,0.649
2021-04-02 23:36:00,0.641
2021-04-02 23:42:00,0.634
2021-04-02 23:48:00,0.638
2021-04-02 23:54:00,0.628
2021-04-03 00:00:00,0.626
