datetime,Speed,Direction
2021-03-20 00:00:00,7.1,313.0
2021-03-20 00:06:00,6.8,324.0
2021-03-20 00:12:00,7.2,313.0
2021-03-20 00:18:00,8.2,318.0
2021-03-20 00:24:00,6.9,318.0
2021-03-20 00:30:00,7.7,323.0
2021-03-20 00:36:00,8.4,326.0
2021-03-20 00:42:00,8.7,317.0
2021-03-20 00:48:00,8.3,319.0
2021-03-20 00:54:00,7.7,323.0
2021-03-20 01:00:00,,
2021-03-20 01:06:00,7.4,321.0
2021-03-20 01:12:00,7.7,333.0
2021-03-20 01:18:00,7.5,329.0
2021-03-20 01:24:00,7.4,342.0
2021-03-20 01:30:00,7.9,353.0
2021-03-20 01:36:00,8.4,345.0
2021-03-20 01:42:00,7.2,334.0
2021-03-20 01:48:00,7.1,338.0
2021-03-20 01:54:00,6.9,333.0
2021-03-20 02:00:00,7.1,338.0
2021-03-20 02:06:00,6.6,341.0
2021-03-20 02:12:00,7.0,350.0
2021-03-20 02:18:00,6.4,350.0
2021-03-20 02:24:00,5.8,359.0
2021-03-20 02:30:00,5.5,346.0
2021-03-20 02:36:00,5.9,334.0
2021-03-20 02:42:00,6.3,341.0
2021-03-20 02:48:00,6.5,342.0
2021-03-20 02:54:00,7.3,346.0
2021-03-20 03:00:00,5.5,336.0
2021-03-20 03:06:00,6.3,349.0
2021-03-20 03:12:00,6.0,337.0
2021-03-20 03:18:00,5.4,333.0
2021-03-20 03:24:00,5.2,333.0
2021-03-20 03:30:00,6.2,335.0
2021-03-20 03:36:00,5.5,333.0
2021-03-20 03:42:00,5.9,338.0
2021-03-20 03:48:00,5.7,337.0
2021-03-20 03:54:00,5.7,345.0
2021-03-20 04:00:00,5.4,342.0
2021-03-20 04:06:00,5.9,340.0
2021-03-20 04:12:00,6.1,343.0
2021-03-20 04:18:00,6.1,350.0
2021-03-20 04:24:00,6.7,347.0
2021-03-20 04:30:00,6.6,351.0
2021-03-20 04:36:00,6.7,342.0
2021-03-20 04:42:00,7.1,350.0
2021-03-20 04:48:00,6.7,342.0
2021-03-20 04:54:00,6.5,344.0
2021-03-20 05:00:00,6.7,346.0
2021-03-20 05:06:00,6.7,352.0
2021-03-20 05:12:00,6.6,347.0
2021-03-20 05:18:00,6.0,354.0
2021-03-20 05:24:00,6.2,345.0
2021-03-20 05:30:00,6.0,357.0
2021-03-20 05:36:00,5.9,355.0
2021-03-20 05:42:00,6.1,352.0
2021-03-20 05:48:00,5.5,343.0
2021-03-20 05:54:00,5.0,353.0
2021-03-20 06:00:00,5.3,356.0
2021-03-20 06:06:00,5.3,354.0
2021-03-20 06:12:00,6.4,347.0
2021-03-20 06:18:00,6.9,346.0
2021-03-20 06:24:00,6.9,348.0
2021-03-20 06:30:00,6.6,347.0
2021-03-20 06:36:00,6.1,347.0
2021-03-20 06:42:00,5.6,353.0
2021-03-20 06:48:00,5.7,350.0
2021-03-20 06:54:00,5.7,341.0
2021-03-20 07:00:00,5.5,344.0
2021-03-20 07:06:00,5.9,339.0
2021-03-20 07:12:00,6.0,337.0
2021-03-20 07:18:00,6.0,349.0
2021-03-20 07:24:00,6.1,348.0
2021-03-20 07:30:00,6.2,355.0
2021-03-20 07:36:00,6.2,352.0
2021-03-20 07:42:00,6.4,348.0
2021-03-20 07:48:00,5.8,346.0
2021-03-20 07:54:00,5.4,347.0
2021-03-20 08:00:00,5.0,345.0
2021-03-20 08:06:00,4.1,329.0
2021-03-20 08:12:00,4.8,331.0
2021-03-20 08:18:00,5.3,340.0
2021-03-20 08:24:00,5.5,333.0
2021-03-20 08:30:00,6.0,338.0
2021-03-20 08:36:00,5.9,339.0
2021-03-20 08:42:00,5.9,338.0
2021-03-20 08:48:00,5.8,334.0
2021-03-20 08:54:00,5.9,340.0
2021-03-20 09:00:00,6.2,340.0
2021-03-20 09:06:00,6.3,332.0
2021-03-20 09:12:00,6.4,338.0
2021-03-20 09:18:00,6.1,342.0
2021-03-20 09:24:00,6.2,327.0
2021-03-20 09:30:00,6.1,333.0
2021-03-20 09:36:00,4.9,339.0
2021-03-20 09:42:00,5.1,338.0
2021-03-20 09:48:00,5.9,346.0
2021-03-20 09:54:00,5.9,338.0
2021-03-20 10:00:00,5.2,339.0
2021-03-20 10:06:00,5.4,343.0
2021-03-20 10:12:00,5.8,339.0
2021-03-20 10:18:00,5.5,333.0
2021-03-20 10:24:00,5.4,337.0
2021-03-20 10:30:00,5.2,337.0
2021-03-20 10:36:00,5.6,341.0
2021-03-20 10:42:00,5.3,338.0
2021-03-20 10:48:00,5.3,338.0
2021-03-20 10:54:00,5.0,342.0
2021-03-20 11:00:00,4.7,337.0
2021-03-20 11:06:00,5.1,333.0
2021-03-20 11:12:00,4.9,332.0
2021-03-20 11:18:00,5.6,339.0
2021-03-20 11:24:00,6.0,347.0
2021-03-20 11:30:00,6.1,350.0
2021-03-20 11:36:00,5.7,349.0
2021-03-20 11:42:00,5.7,348.0
2021-03-20 11:48:00,5.3,343.0
2021-03-20 11:54:00,5.9,350.0
2021-03-20 12:00:00,5.7,355.0
2021-03-20 12:06:00,5.5,347.0
2021-03-20 12:12:00,6.2,347.0
2021-03-20 12:18:00,5.8,351.0
2021-03-20 12:24:00,5.1,354.0
2021-03-20 12:30:00,5.1,345.0
2021-03-20 12:36:00,5.3,350.0
2021-03-20 12:42:00,5.3,349.0
2021-03-20 12:48:00,5.3,360.0
2021-03-20 12:54:00,5.3,357.0
2021-03-20 13:00:00,5.8,359.0
2021-03-20 13:06:00,5.8,354.0
2021-03-20 13:12:00,6.2,357.0
2021-03-20 13:18:00,6.4,3.0
2021-03-20 13:24:00,5.5,2.0
2021-03-20 13:30:00,5.8,356.0
2021-03-20 13:36:00,6.2,350.0
2021-03-20 13:42:00,5.9,355.0
2021-03-20 13:48:00,5.9,3.0
2021-03-20 13:54:00,5.9,3.0
2021-03-20 14:00:00,6.1,2.0
2021-03-20 14:06:00,6.4,355.0
2021-03-20 14:12:00,5.8,0.0
2021-03-20 14:18:00,5.7,359.0
2021-03-20 14:24:00,5.7,354.0
2021-03-20 14:30:00,5.4,354.0
2021-03-20 14:36:00,5.6,345.0
2021-03-20 14:42:00,5.4,352.0
2021-03-20 14:48:00,5.6,359.0
2021-03-20 14:54:00,5.4,352.0
2021-03-20 15:00:00,6.0,343.0
2021-03-20 15:06:00,6.2,349.0
2021-03-20 15:12:00,6.2,353.0
2021-03-20 15:18:00,6.3,347.0
2021-03-20 15:24:00,6.5,346.0
2021-03-20 15:30:00,6.3,342.0
2021-03-20 15:36:00,6.2,350.0
2021-03-20 15:42:00,6.4,348.0
2021-03-20 15:48:00,6.9,347.0
2021-03-20 15:54:00,5.7,349.0
2021-03-20 16:00:00,6.0,358.0
2021-03-20 16:06:00,5.7,3.0
2021-03-20 16:12:00,5.3,356.0
2021-03-20 16:18:00,5.8,356.0
2021-03-20 16:24:00,5.3,358.0
2021-03-20 16:30:00,5.6,349.0
2021-03-20 16:36:00,5.0,359.0
2021-03-20 16:42:00,5.4,360.0
2021-03-20 16:48:00,5.5,3.0
2021-03-20 16:54:00,5.4,7.0
2021-03-20 17:00:00,4.8,352.0
2021-03-20 17:06:00,4.4,358.0
2021-03-20 17:12:00,4.0,359.0
2021-03-20 17:18:00,4.4,4.0
2021-03-20 17:24:00,5.3,9.0
2021-03-20 17:30:00,5.2,10.0
2021-03-20 17:36:00,5.6,16.0
2021-03-20 17:42:00,4.6,16.0
2021-03-20 17:48:00,4.3,10.0
2021-03-20 17:54:00,4.8,6.0
2021-03-20 18:00:00,4.1,6.0
2021-03-20 18:06:00,3.9,360.0
2021-03-20 18:12:00,4.6,1.0
2021-03-20 18:18:00,3.5,12.0
2021-03-20 18:24:00,4.0,2.0
2021-03-20 18:30:00,3.4,355.0
2021-03-20 18:36:00,3.6,355.0
2021-03-20 18:42:00,3.0,3.0
2021-03-20 18:48:00,2.8,2.0
2021-03-20 18:54:00,3.6,11.0
2021-03-20 19:00:00,2.2,17.0
2021-03-20 19:06:00,2.7,344.0
2021-03-20 19:12:00,2.5,359.0
2021-03-20 19:18:00,3.1,352.0
2021-03-20 19:24:00,2.5,308.0
2021-03-20 19:30:00,3.1,300.0
2021-03-20 19:36:00,3.2,295.0
2021-03-20 19:42:00,3.4,297.0
2021-03-20 19:48:00,2.9,311.0
2021-03-20 19:54:00,2.5,293.0
2021-03-20 20:00:00,1.8,275.0
2021-03-20 20:06:00,1.9,278.0
2021-03-20 20:12:00,1.6,274.0
2021-03-20 20:18:00,2.4,274.0
2021-03-20 20:24:00,3.1,286.0
2021-03-20 20:30:00,2.7,287.0
2021-03-20 20:36:00,3.3,287.0
2021-03-20 20:42:00,3.1,290.0
2021-03-20 20:48:00,2.8,292.0
2021-03-20 20:54:00,3.8,299.0
2021-03-20 21:00:00,3.6,299.0
2021-03-20 21:06:00,3.7,290.0
2021-03-20 21:12:00,4.2,297.0
2021-03-20 21:18:00,4.3,306.0
2021-03-20 21:24:00,4.6,304.0
2021-03-20 21:30:00,4.8,301.0
2021-03-20 21:36:00,5.3,298.0
2021-03-20 21:42:00,3.9,303.0
2021-03-20 21:48:00,3.6,1.0
2021-03-20 21:54:00,2.9,344.0
2021-03-20 22:00:00,3.2,345.0
2021-03-20 22:06:00,3.4,343.0
2021-03-20 22:12:00,3.6,334.0
2021-03-20 22:18:00,3.9,325.0
2021-03-20 22:24:00,3.4,339.0
2021-03-20 22:30:00,4.0,343.0
2021-03-20 22:36:00,4.6,347.0
2021-03-20 22:42:00,4.7,338.0
2021-03-20 22:48:00,5.1,339.0
2021-03-20 22:54:00,5.7,354.0
2021-03-20 23:00:00,6.0,353.0
2021-03-20 23:06:00,6.0,359.0
2021-03-20 23:12:00,5.9,350.0
2021-03-20 23:18:00,6.0,347.0
2021-03-20 23:24:00,6.2,347.0
2021-03-20 23:30:00,6.3,352.0
2021-03-20 23:36:00,6.8,352.0
2021-03-20 23:42:00,5.4,356.0
2021-03-20 23:48:00,5.5,355.0
2021-03-20 23:54:00,4.6,1.0
2021-03-21 00:00:00,4.3,352.0
2021-03-21 00:06:00,3.5,336.0
2021-03-21 00:12:00,3.7,341.0
2021-03-21 00:18:00,3.8,338.0
2021-03-21 00:24:00,3.7,346.0
2021-03-21 00:30:00,3.1,338.0
2021-03-21 00:36:00,2.7,342.0
2021-03-21 00:42:00,2.5,336.0
2021-03-21 00:48:00,2.1,329.0
2021-03-21 00:54:00,2.3,323.0
2021-03-21 01:00:00,2.4,326.0
2021-03-21 01:06:00,2.1,319.0
2021-03-21 01:12:00,2.3,316.0
2021-03-21 01:18:00,2.7,312.0
2021-03-21 01:24:00,2.3,313.0
2021-03-21 01:30:00,2.2,313.0
2021-03-21 01:36:00,1.6,311.0
2021-03-21 01:42:00,1.4,316.0
2021-03-21 01:48:00,1.4,312.0
2021-03-21 01:54:00,1.6,314.0
2021-03-21 02:00:00,1.9,310.0
2021-03-21 02:06:00,2.2,307.0
2021-03-21 02:12:00,1.3,298.0
2021-03-21 02:18:00,2.1,294.0
2021-03-21 02:24:00,2.0,293.0
2021-03-21 02:30:00,2.4,301.0
2021-03-21 02:36:00,2.2,306.0
2021-03-21 02:42:00,2.1,310.0
2021-03-21 02:48:00,2.1,310.0
2021-03-21 02:54:00,1.9,313.0
2021-03-21 03:00:00,2.1,316.0
2021-03-21 03:06:00,2.1,315.0
2021-03-21 03:12:00,1.9,310.0
2021-03-21 03:18:00,1.8,316.0
2021-03-21 03:24:00,1.8,318.0
2021-03-21 03:30:00,1.5,323.0
2021-03-21 03:36:00,1.1,321.0
2021-03-21 03:42:00,1.3,315.0
2021-03-21 03:48:00,1.0,312.0
2021-03-21 03:54:00,1.4,307.0
2021-03-21 04:00:00,2.3,305.0
2021-03-21 04:06:00,2.9,307.0
2021-03-21 04:12:00,3.1,305.0
2021-03-21 04:18:00,3.0,303.0
2021-03-21 04:24:00,3.0,304.0
2021-03-21 04:30:00,3.1,306.0
2021-03-21 04:36:00,3.4,305.0
2021-03-21 04:42:00,3.7,302.0
2021-03-21 04:48:00,4.3,305.0
2021-03-21 04:54:00,4.2,305.0
2021-03-21 05:00:00,3.9,310.0
2021-03-21 05:06:00,3.5,310.0
2021-03-21 05:12:00,3.9,311.0
2021-03-21 05:18:00,3.5,313.0
2021-03-21 05:24:00,3.7,310.0
2021-03-21 05:30:00,4.0,308.0
2021-03-21 05:36:00,3.6,310.0
2021-03-21 05:42:00,2.9,308.0
2021-03-21 05:48:00,2.5,310.0
2021-03-21 05:54:00,2.0,316.0
2021-03-21 06:00:00,1.8,316.0
2021-03-21 06:06:00,2.1,313.0
2021-03-21 06:12:00,2.7,313.0
2021-03-21 06:18:00,2.4,315.0
2021-03-21 06:24:00,2.5,313.0
2021-03-21 06:30:00,2.5,313.0
2021-03-21 06:36:00,3.0,313.0
2021-03-21 06:42:00,2.8,310.0
2021-03-21 06:48:00,2.7,309.0
2021-03-21 06:54:00,2.6,303.0
2021-03-21 07:00:00,2.3,303.0
2021-03-21 07:06:00,2.5,309.0
2021-03-21 07:12:00,2.6,307.0
2021-03-21 07:18:00,2.8,308.0
2021-03-21 07:24:00,2.8,308.0
2021-03-21 07:30:00,2.8,312.0
2021-03-21 07:36:00,2.7,320.0
2021-03-21 07:42:00,2.7,320.0
2021-03-21 07:48:00,2.6,315.0
2021-03-21 07:54:00,2.3,309.0
2021-03-21 08:00:00,2.8,308.0
2021-03-21 08:06:00,2.8,305.0
2021-03-21 08:12:00,2.9,304.0
2021-03-21 08:18:00,2.8,307.0
2021-03-21 08:24:00,2.9,305.0
2021-03-21 08:30:00,3.1,307.0
2021-03-21 08:36:00,3.1,302.0
2021-03-21 08:42:00,3.0,311.0
2021-03-21 08:48:00,3.1,306.0
2021-03-21 08:54:00,2.8,311.0
2021-03-21 09:00:00,3.5,311.0
2021-03-21 09:06:00,3.3,313.0
2021-03-21 09:12:00,3.1,316.0
2021-03-21 09:18:00,3.2,320.0
2021-03-21 09:24:00,2.9,320.0
2021-03-21 09:30:00,3.0,331.0
2021-03-21 09:36:00,2.8,333.0
2021-03-21 09:42:00,2.7,333.0
2021-03-21 09:48:00,2.5,330.0
2021-03-21 09:54:00,3.1,333.0
2021-03-21 10:00:00,3.0,333.0
2021-03-21 10:06:00,2.3,331.0
2021-03-21 10:12:00,2.3,328.0
2021-03-21 10:18:00,2.6,335.0
2021-03-21 10:24:00,2.8,339.0
2021-03-21 10:30:00,3.1,346.0
2021-03-21 10:36:00,2.7,348.0
2021-03-21 10:42:00,2.4,343.0
2021-03-21 10:48:00,2.5,344.0
2021-03-21 10:54:00,2.4,344.0
2021-03-21 11:00:00,2.5,339.0
2021-03-21 11:06:00,2.3,337.0
2021-03-21 11:12:00,2.0,334.0
2021-03-21 11:18:00,1.6,323.0
2021-03-21 11:24:00,1.7,326.0
2021-03-21 11:30:00,2.1,332.0
2021-03-21 11:36:00,2.6,337.0
2021-03-21 11:42:00,2.5,337.0
2021-03-21 11:48:00,2.4,335.0
2021-03-21 11:54:00,2.3,333.0
2021-03-21 12:00:00,2.2,334.0
2021-03-21 12:06:00,2.2,336.0
2021-03-21 12:12:00,2.7,345.0
2021-03-21 12:18:00,2.7,339.0
2021-03-21 12:24:00,2.6,336.0
2021-03-21 12:30:00,2.8,330.0
2021-03-21 12:36:00,2.9,336.0
2021-03-21 12:42:00,3.0,338.0
2021-03-21 12:48:00,3.1,336.0
2021-03-21 12:54:00,3.0,335.0
2021-03-21 13:00:00,3.0,331.0
2021-03-21 13:06:00,3.1,341.0
2021-03-21 13:12:00,3.4,343.0
2021-03-21 13:18:00,3.5,344.0
2021-03-21 13:24:00,3.3,349.0
2021-03-21 13:30:00,3.2,348.0
2021-03-21 13:36:00,3.5,0.0
2021-03-21 13:42:00,3.6,353.0
2021-03-21 13:48:00,3.5,3.0
2021-03-21 13:54:00,3.4,3.0
2021-03-21 14:00:00,3.6,7.0
2021-03-21 14:06:00,3.5,5.0
2021-03-21 14:12:00,3.7,26.0
2021-03-21 14:18:00,3.6,26.0
2021-03-21 14:24:00,3.4,23.0
2021-03-21 14:30:00,2.8,16.0
2021-03-21 14:36:00,2.8,22.0
2021-03-21 14:42:00,3.1,21.0
2021-03-21 14:48:00,3.4,23.0
2021-03-21 14:54:00,3.1,27.0
2021-03-21 15:00:00,3.4,33.0
2021-03-21 15:06:00,3.2,30.0
2021-03-21 15:12:00,3.1,34.0
2021-03-21 15:18:00,3.2,31.0
2021-03-21 15:24:00,3.4,35.0
2021-03-21 15:30:00,3.8,40.0
2021-03-21 15:36:00,4.3,46.0
2021-03-21 15:42:00,4.4,40.0
2021-03-21 15:48:00,4.8,42.0
2021-03-21 15:54:00,4.9,42.0
2021-03-21 16:00:00,4.7,38.0
2021-03-21 16:06:00,4.3,43.0
2021-03-21 16:12:00,4.2,42.0
2021-03-21 16:18:00,4.6,50.0
2021-03-21 16:24:00,3.7,54.0
2021-03-21 16:30:00,3.5,54.0
2021-03-21 16:36:00,4.3,55.0
2021-03-21 16:42:00,4.5,58.0
2021-03-21 16:48:00,4.7,62.0
2021-03-21 16:54:00,4.1,64.0
2021-03-21 17:00:00,3.8,64.0
2021-03-21 17:06:00,4.0,59.0
2021-03-21 17:12:00,3.8,57.0
2021-03-21 17:18:00,3.2,60.0
2021-03-21 17:24:00,4.1,58.0
2021-03-21 17:30:00,3.8,60.0
2021-03-21 17:36:00,3.7,60.0
2021-03-21 17:42:00,3.7,60.0
2021-03-21 17:48:00,3.3,68.0
2021-03-21 17:54:00,3.2,72.0
2021-03-21 18:00:00,2.6,72.0
2021-03-21 18:06:00,2.8,76.0
2021-03-21 18:12:00,3.0,75.0
2021-03-21 18:18:00,3.0,76.0
2021-03-21 18:24:00,2.7,77.0
2021-03-21 18:30:00,2.8,80.0
2021-03-21 18:36:00,3.0,82.0
2021-03-21 18:42:00,2.7,81.0
2021-03-21 18:48:00,2.2,75.0
2021-03-21 18:54:00,2.3,75.0
2021-03-21 19:00:00,2.5,76.0
2021-03-21 19:06:00,2.1,71.0
2021-03-21 19:12:00,2.1,26.0
2021-03-21 19:18:00,2.5,37.0
2021-03-21 19:24:00,2.0,35.0
2021-03-21 19:30:00,2.5,39.0
2021-03-21 19:36:00,3.0,41.0
2021-03-21 19:42:00,3.8,40.0
2021-03-21 19:48:00,4.1,39.0
2021-03-21 19:54:00,3.7,37.0
2021-03-21 20:00:00,3.7,32.0
2021-03-21 20:06:00,2.9,30.0
2021-03-21 20:12:00,3.1,19.0
2021-03-21 20:18:00,1.9,26.0
2021-03-21 20:24:00,1.7,47.0
2021-03-21 20:30:00,1.2,61.0
2021-03-21 20:36:00,0.9,59.0
2021-03-21 20:42:00,1.0,46.0
2021-03-21 20:48:00,0.8,27.0
2021-03-21 20:54:00,0.3,30.0
2021-03-21 21:00:00,0.0,30.0
2021-03-21 21:06:00,0.0,11.0
2021-03-21 21:12:00,0.0,10.0
2021-03-21 21:18:00,0.0,12.0
2021-03-21 21:24:00,0.1,1.0
2021-03-21 21:30:00,0.0,358.0
2021-03-21 21:36:00,0.4,246.0
2021-03-21 21:42:00,0.9,288.0
2021-03-21 21:48:00,1.3,315.0
2021-03-21 21:54:00,0.4,279.0
2021-03-21 22:00:00,0.7,243.0
2021-03-21 22:06:00,1.1,239.0
2021-03-21 22:12:00,0.7,242.0
2021-03-21 22:18:00,0.0,253.0
2021-03-21 22:24:00,0.7,289.0
2021-03-21 22:30:00,0.3,246.0
2021-03-21 22:36:00,0.1,239.0
2021-03-21 22:42:00,0.1,235.0
2021-03-21 22:48:00,0.0,235.0
2021-03-21 22:54:00,0.7,58.0
2021-03-21 23:00:00,2.9,58.0
2021-03-21 23:06:00,3.8,56.0
2021-03-21 23:12:00,3.7,51.0
2021-03-21 23:18:00,4.2,65.0
2021-03-21 23:24:00,4.0,76.0
2021-03-21 23:30:00,4.5,77.0
2021-03-21 23:36:00,4.4,79.0
2021-03-21 23:42:00,5.0,81.0
2021-03-21 23:48:00,5.4,79.0
2021-03-21 23:54:00,5.9,78.0
2021-03-22 00:00:00,5.6,81.0
2021-03-22 00:06:00,5.2,83.0
2021-03-22 00:12:00,5.3,81.0
2021-03-22 00:18:00,5.8,86.0
2021-03-22 00:24:00,5.4,83.0
2021-03-22 00:30:00,4.8,85.0
2021-03-22 00:36:00,5.6,86.0
2021-03-22 00:42:00,5.9,90.0
2021-03-22 00:48:00,5.2,92.0
2021-03-22 00:54:00,4.8,98.0
2021-03-22 01:00:00,5.1,94.0
2021-03-22 01:06:00,5.1,92.0
2021-03-22 01:12:00,5.3,92.0
2021-03-22 01:18:00,5.9,90.0
2021-03-22 01:24:00,5.5,81.0
2021-03-22 01:30:00,4.9,82.0
2021-03-22 01:36:00,4.6,87.0
2021-03-22 01:42:00,4.4,87.0
2021-03-22 01:48:00,4.6,82.0
2021-03-22 01:54:00,5.3,75.0
2021-03-22 02:00:00,5.5,66.0
2021-03-22 02:06:00,5.4,69.0
2021-03-22 02:12:00,5.3,76.0
2021-03-22 02:18:00,4.6,81.0
2021-03-22 02:24:00,4.8,85.0
2021-03-22 02:30:00,4.6,79.0
2021-03-22 02:36:00,4.3,77.0
2021-03-22 02:42:00,4.4,75.0
2021-03-22 02:48:00,4.6,69.0
2021-03-22 02:54:00,4.4,67.0
2021-03-22 03:00:00,3.7,73.0
2021-03-22 03:06:00,3.9,82.0
2021-03-22 03:12:00,4.1,75.0
2021-03-22 03:18:00,4.5,72.0
2021-03-22 03:24:00,4.6,75.0
2021-03-22 03:30:00,4.0,82.0
2021-03-22 03:36:00,3.9,90.0
2021-03-22 03:42:00,3.4,90.0
2021-03-22 03:48:00,3.8,92.0
2021-03-22 03:54:00,4.1,93.0
2021-03-22 04:00:00,4.0,93.0
2021-03-22 04:06:00,4.3,88.0
2021-03-22 04:12:00,3.8,82.0
2021-03-22 04:18:00,3.3,80.0
2021-03-22 04:24:00,3.1,83.0
2021-03-22 04:30:00,3.3,88.0
2021-03-22 04:36:00,2.8,89.0
2021-03-22 04:42:00,2.6,90.0
2021-03-22 04:48:00,2.7,82.0
2021-03-22 04:54:00,3.0,84.0
2021-03-22 05:00:00,3.4,78.0
2021-03-22 05:06:00,3.4,71.0
2021-03-22 05:12:00,4.1,69.0
2021-03-22 05:18:00,3.5,67.0
2021-03-22 05:24:00,4.0,72.0
2021-03-22 05:30:00,4.3,79.0
2021-03-22 05:36:00,3.0,91.0
2021-03-22 05:42:00,2.1,87.0
2021-03-22 05:48:00,2.8,83.0
2021-03-22 05:54:00,2.9,77.0
2021-03-22 06:00:00,3.1,74.0
2021-03-22 06:06:00,3.2,72.0
2021-03-22 06:12:00,3.3,70.0
2021-03-22 06:18:00,2.9,66.0
2021-03-22 06:24:00,2.9,63.0
2021-03-22 06:30:00,2.5,56.0
2021-03-22 06:36:00,2.5,51.0
2021-03-22 06:42:00,2.6,45.0
2021-03-22 06:48:00,2.6,43.0
2021-03-22 06:54:00,2.9,52.0
2021-03-22 07:00:00,2.9,52.0
2021-03-22 07:06:00,2.8,52.0
2021-03-22 07:12:00,2.7,56.0
2021-03-22 07:18:00,2.6,59.0
2021-03-22 07:24:00,2.8,58.0
2021-03-22 07:30:00,3.1,59.0
2021-03-22 07:36:00,2.7,64.0
2021-03-22 07:42:00,2.5,65.0
2021-03-22 07:48:00,3.1,63.0
2021-03-22 07:54:00,3.6,62.0
2021-03-22 08:00:00,3.4,60.0
2021-03-22 08:06:00,3.3,55.0
2021-03-22 08:12:00,3.8,49.0
2021-03-22 08:18:00,4.3,48.0
2021-03-22 08:24:00,4.3,45.0
2021-03-22 08:30:00,4.2,43.0
2021-03-22 08:36:00,4.3,44.0
2021-03-22 08:42:00,4.3,43.0
2021-03-22 08:48:00,3.7,46.0
2021-03-22 08:54:00,4.3,48.0
2021-03-22 09:00:00,4.5,49.0
2021-03-22 09:06:00,4.4,44.0
2021-03-22 09:12:00,4.5,46.0
2021-03-22 09:18:00,5.3,47.0
2021-03-22 09:24:00,5.5,46.0
2021-03-22 09:30:00,5.4,45.0
2021-03-22 09:36:00,4.9,49.0
2021-03-22 09:42:00,4.6,52.0
2021-03-22 09:48:00,4.8,54.0
2021-03-22 09:54:00,4.1,62.0
2021-03-22 10:00:00,4.2,58.0
2021-03-22 10:06:00,3.9,60.0
2021-03-22 10:12:00,3.8,52.0
2021-03-22 10:18:00,3.4,55.0
2021-03-22 10:24:00,4.0,52.0
2021-03-22 10:30:00,3.8,48.0
2021-03-22 10:36:00,3.9,49.0
2021-03-22 10:42:00,3.3,47.0
2021-03-22 10:48:00,2.7,44.0
2021-03-22 10:54:00,3.7,44.0
2021-03-22 11:00:00,3.8,44.0
2021-03-22 11:06:00,3.6,44.0
2021-03-22 11:12:00,3.1,36.0
2021-03-22 11:18:00,3.2,35.0
2021-03-22 11:24:00,3.2,33.0
2021-03-22 11:30:00,3.3,32.0
2021-03-22 11:36:00,3.5,33.0
2021-03-22 11:42:00,4.1,36.0
2021-03-22 11:48:00,4.5,39.0
2021-03-22 11:54:00,4.8,39.0
2021-03-22 12:00:00,4.3,40.0
2021-03-22 12:06:00,4.4,40.0
2021-03-22 12:12:00,4.5,41.0
2021-03-22 12:18:00,4.5,41.0
2021-03-22 12:24:00,4.3,44.0
2021-03-22 12:30:00,4.5,48.0
2021-03-22 12:36:00,4.8,47.0
2021-03-22 12:42:00,4.6,49.0
2021-03-22 12:48:00,4.6,48.0
2021-03-22 12:54:00,4.5,44.0
2021-03-22 13:00:00,4.4,43.0
2021-03-22 13:06:00,4.5,42.0
2021-03-22 13:12:00,4.6,43.0
2021-03-22 13:18:00,4.3,43.0
2021-03-22 13:24:00,4.7,43.0
2021-03-22 13:30:00,5.0,44.0
2021-03-22 13:36:00,5.3,43.0
2021-03-22 13:42:00,5.2,42.0
2021-03-22 13:48:00,4.9,43.0
2021-03-22 13:54:00,5.7,47.0
2021-03-22 14:00:00,5.7,47.0
2021-03-22 14:06:00,5.5,52.0
2021-03-22 14:12:00,5.8,50.0
2021-03-22 14:18:00,6.1,51.0
2021-03-22 14:24:00,5.5,46.0
2021-03-22 14:30:00,5.2,47.0
2021-03-22 14:36:00,5.2,46.0
2021-03-22 14:42:00,5.2,46.0
2021-03-22 14:48:00,5.4,51.0
2021-03-22 14:54:00,6.2,57.0
2021-03-22 15:00:00,6.6,61.0
2021-03-22 15:06:00,7.1,63.0
2021-03-22 15:12:00,6.5,63.0
2021-03-22 15:18:00,6.9,66.0
2021-03-22 15:24:00,7.3,64.0
2021-03-22 15:30:00,7.1,68.0
2021-03-22 15:36:00,7.4,71.0
2021-03-22 15:42:00,7.5,72.0
2021-03-22 15:48:00,6.8,74.0
2021-03-22 15:54:00,5.8,70.0
2021-03-22 16:00:00,8.0,76.0
2021-03-22 16:06:00,8.3,77.0
2021-03-22 16:12:00,8.5,73.0
2021-03-22 16:18:00,8.0,72.0
2021-03-22 16:24:00,7.9,70.0
2021-03-22 16:30:00,7.5,69.0
2021-03-22 16:36:00,7.1,64.0
2021-03-22 16:42:00,6.7,67.0
2021-03-22 16:48:00,7.2,70.0
2021-03-22 16:54:00,8.3,71.0
2021-03-22 17:00:00,7.9,71.0
2021-03-22 17:06:00,8.3,68.0
2021-03-22 17:12:00,8.5,68.0
2021-03-22 17:18:00,8.8,71.0
2021-03-22 17:24:00,9.5,72.0
2021-03-22 17:30:00,8.9,72.0
2021-03-22 17:36:00,8.8,70.0
2021-03-22 17:42:00,9.5,73.0
2021-03-22 17:48:00,9.3,76.0
2021-03-22 17:54:00,10.3,73.0
2021-03-22 18:00:00,9.8,72.0
2021-03-22 18:06:00,9.0,70.0
2021-03-22 18:12:00,9.5,76.0
2021-03-22 18:18:00,9.5,76.0
2021-03-22 18:24:00,9.4,80.0
2021-03-22 18:30:00,9.4,77.0
2021-03-22 18:36:00,10.1,79.0
2021-03-22 18:42:00,9.3,77.0
2021-03-22 18:48:00,9.1,82.0
2021-03-22 18:54:00,8.5,85.0
2021-03-22 19:00:00,8.9,82.0
2021-03-22 19:06:00,9.3,81.0
2021-03-22 19:12:00,9.5,84.0
2021-03-22 19:18:00,9.2,82.0
2021-03-22 19:24:00,9.5,81.0
2021-03-22 19:30:00,9.0,84.0
2021-03-22 19:36:00,9.0,83.0
2021-03-22 19:42:00,9.7,83.0
2021-03-22 19:48:00,8.5,85.0
2021-03-22 19:54:00,8.8,84.0
2021-03-22 20:00:00,8.4,84.0
2021-03-22 20:06:00,8.3,80.0
2021-03-22 20:12:00,10.1,84.0
2021-03-22 20:18:00,9.3,86.0
2021-03-22 20:24:00,9.6,84.0
2021-03-22 20:30:00,8.3,84.0
2021-03-22 20:36:00,10.7,83.0
2021-03-22 20:42:00,10.4,82.0
2021-03-22 20:48:00,10.4,80.0
2021-03-22 20:54:00,9.3,80.0
2021-03-22 21:00:00,9.0,81.0
2021-03-22 21:06:00,8.6,82.0
2021-03-22 21:12:00,9.4,76.0
2021-03-22 21:18:00,10.6,76.0
2021-03-22 21:24:00,10.0,77.0
2021-03-22 21:30:00,10.5,76.0
2021-03-22 21:36:00,10.9,76.0
2021-03-22 21:42:00,10.8,76.0
2021-03-22 21:48:00,10.6,77.0
2021-03-22 21:54:00,10.2,75.0
2021-03-22 22:00:00,10.0,76.0
2021-03-22 22:06:00,10.3,76.0
2021-03-22 22:12:00,10.4,75.0
2021-03-22 22:18:00,10.2,76.0
2021-03-22 22:24:00,10.9,78.0
2021-03-22 22:30:00,11.0,75.0
2021-03-22 22:36:00,11.0,75.0
2021-03-22 22:42:00,9.4,74.0
2021-03-22 22:48:00,10.1,74.0
2021-03-22 22:54:00,10.4,74.0
2021-03-22 23:00:00,10.7,72.0
2021-03-22 23:06:00,9.6,73.0
2021-03-22 23:12:00,10.3,73.0
2021-03-22 23:18:00,9.7,72.0
2021-03-22 23:24:00,9.6,72.0
2021-03-22 23:30:00,10.2,73.0
2021-03-22 23:36:00,10.3,75.0
2021-03-22 23:42:00,9.7,72.0
2021-03-22 23:48:00,10.8,74.0
2021-03-22 23:54:00,10.8,78.0
2021-03-23 00:00:00,10.9,74.0
2021-03-23 00:06:00,11.0,73.0
2021-03-23 00:12:00,10.2,73.0
2021-03-23 00:18:00,10.4,72.0
2021-03-23 00:24:00,10.3,72.0
2021-03-23 00:30:00,10.1,72.0
2021-03-23 00:36:00,10.8,74.0
2021-03-23 00:42:00,10.3,74.0
2021-03-23 00:48:00,10.6,74.0
2021-03-23 00:54:00,10.2,75.0
2021-03-23 01:00:00,10.2,74.0
2021-03-23 01:06:00,9.8,74.0
2021-03-23 01:12:00,9.3,75.0
2021-03-23 01:18:00,10.3,76.0
2021-03-23 01:24:00,9.5,76.0
2021-03-23 01:30:00,9.9,76.0
2021-03-23 01:36:00,9.3,75.0
2021-03-23 01:42:00,10.0,74.0
2021-03-23 01:48:00,9.6,75.0
2021-03-23 01:54:00,9.8,75.0
2021-03-23 02:00:00,9.4,76.0
2021-03-23 02:06:00,9.3,74.0
2021-03-23 02:12:00,9.0,75.0
2021-03-23 02:18:00,9.0,73.0
2021-03-23 02:24:00,9.3,78.0
2021-03-23 02:30:00,9.1,77.0
2021-03-23 02:36:00,9.4,75.0
2021-03-23 02:42:00,9.2,76.0
2021-03-23 02:48:00,8.8,74.0
2021-03-23 02:54:00,9.5,74.0
2021-03-23 03:00:00,9.5,76.0
2021-03-23 03:06:00,8.0,83.0
2021-03-23 03:12:00,8.6,82.0
2021-03-23 03:18:00,8.4,80.0
2021-03-23 03:24:00,8.2,79.0
2021-03-23 03:30:00,8.8,79.0
2021-03-23 03:36:00,8.8,78.0
2021-03-23 03:42:00,8.3,81.0
2021-03-23 03:48:00,8.5,79.0
2021-03-23 03:54:00,8.6,77.0
2021-03-23 04:00:00,8.5,77.0
2021-03-23 04:06:00,9.1,75.0
2021-03-23 04:12:00,10.0,76.0
2021-03-23 04:18:00,9.9,78.0
2021-03-23 04:24:00,9.7,80.0
2021-03-23 04:30:00,9.0,81.0
2021-03-23 04:36:00,8.8,81.0
2021-03-23 04:42:00,9.0,80.0
2021-03-23 04:48:00,8.5,79.0
2021-03-23 04:54:00,8.9,82.0
2021-03-23 05:00:00,9.3,82.0
2021-03-23 05:06:00,8.9,82.0
2021-03-23 05:12:00,9.0,84.0
2021-03-23 05:18:00,7.9,85.0
2021-03-23 05:24:00,8.1,82.0
2021-03-23 05:30:00,8.3,82.0
2021-03-23 05:36:00,8.0,81.0
2021-03-23 05:42:00,7.7,77.0
2021-03-23 05:48:00,7.9,75.0
2021-03-23 05:54:00,8.5,71.0
2021-03-23 06:00:00,8.5,73.0
2021-03-23 06:06:00,8.1,75.0
2021-03-23 06:12:00,7.6,81.0
2021-03-23 06:18:00,7.1,79.0
2021-03-23 06:24:00,7.6,76.0
2021-03-23 06:30:00,7.8,82.0
2021-03-23 06:36:00,7.7,84.0
2021-03-23 06:42:00,8.0,84.0
2021-03-23 06:48:00,7.2,76.0
2021-03-23 06:54:00,6.9,76.0
2021-03-23 07:00:00,6.5,76.0
2021-03-23 07:06:00,6.1,82.0
2021-03-23 07:12:00,5.5,85.0
2021-03-23 07:18:00,5.6,84.0
2021-03-23 07:24:00,5.3,84.0
2021-03-23 07:30:00,5.5,83.0
2021-03-23 07:36:00,5.5,83.0
2021-03-23 07:42:00,6.3,78.0
2021-03-23 07:48:00,6.8,78.0
2021-03-23 07:54:00,6.1,77.0
2021-03-23 08:00:00,5.7,80.0
2021-03-23 08:06:00,4.3,72.0
2021-03-23 08:12:00,3.1,62.0
2021-03-23 08:18:00,2.8,47.0
2021-03-23 08:24:00,3.5,54.0
2021-03-23 08:30:00,4.2,65.0
2021-03-23 08:36:00,4.6,82.0
2021-03-23 08:42:00,5.7,102.0
2021-03-23 08:48:00,5.2,106.0
2021-03-23 08:54:00,5.5,101.0
2021-03-23 09:00:00,5.4,101.0
2021-03-23 09:06:00,7.1,104.0
2021-03-23 09:12:00,8.4,104.0
2021-03-23 09:18:00,9.3,105.0
2021-03-23 09:24:00,9.2,102.0
2021-03-23 09:30:00,7.1,106.0
2021-03-23 09:36:00,6.0,108.0
2021-03-23 09:42:00,5.6,114.0
2021-03-23 09:48:00,5.5,107.0
2021-03-23 09:54:00,5.9,105.0
2021-03-23 10:00:00,5.3,108.0
2021-03-23 10:06:00,5.4,110.0
2021-03-23 10:12:00,5.3,114.0
2021-03-23 10:18:00,5.9,113.0
2021-03-23 10:24:00,6.0,116.0
2021-03-23 10:30:00,6.7,114.0
2021-03-23 10:36:00,7.8,114.0
2021-03-23 10:42:00,9.3,118.0
2021-03-23 10:48:00,10.3,118.0
2021-03-23 10:54:00,10.7,124.0
2021-03-23 11:00:00,11.4,129.0
2021-03-23 11:06:00,10.8,127.0
2021-03-23 11:12:00,10.2,128.0
2021-03-23 11:18:00,10.4,125.0
2021-03-23 11:24:00,11.5,122.0
2021-03-23 11:30:00,11.8,123.0
2021-03-23 11:36:00,11.3,125.0
2021-03-23 11:42:00,10.7,123.0
2021-03-23 11:48:00,11.0,122.0
2021-03-23 11:54:00,10.8,125.0
2021-03-23 12:00:00,11.0,127.0
2021-03-23 12:06:00,11.0,127.0
2021-03-23 12:12:00,11.2,128.0
2021-03-23 12:18:00,12.4,129.0
2021-03-23 12:24:00,13.2,132.0
2021-03-23 12:30:00,13.2,133.0
2021-03-23 12:36:00,12.3,131.0
2021-03-23 12:42:00,11.8,133.0
2021-03-23 12:48:00,11.3,133.0
2021-03-23 12:54:00,11.2,133.0
2021-03-23 13:00:00,11.2,133.0
2021-03-23 13:06:00,11.0,134.0
2021-03-23 13:12:00,10.9,134.0
2021-03-23 13:18:00,11.7,133.0
2021-03-23 13:24:00,11.6,133.0
2021-03-23 13:30:00,11.7,131.0
2021-03-23 13:36:00,12.8,130.0
2021-03-23 13:42:00,12.2,129.0
2021-03-23 13:48:00,13.1,128.0
2021-03-23 13:54:00,13.8,125.0
2021-03-23 14:00:00,15.6,124.0
2021-03-23 14:06:00,14.8,126.0
2021-03-23 14:12:00,15.0,129.0
2021-03-23 14:18:00,14.2,129.0
2021-03-23 14:24:00,13.3,127.0
2021-03-23 14:30:00,13.1,127.0
2021-03-23 14:36:00,12.4,126.0
2021-03-23 14:42:00,12.9,126.0
2021-03-23 14:48:00,12.0,127.0
2021-03-23 14:54:00,11.6,127.0
2021-03-23 15:00:00,11.2,129.0
2021-03-23 15:06:00,11.6,131.0
2021-03-23 15:12:00,11.6,131.0
2021-03-23 15:18:00,11.0,132.0
2021-03-23 15:24:00,11.1,133.0
2021-03-23 15:30:00,11.2,133.0
2021-03-23 15:36:00,11.2,134.0
2021-03-23 15:42:00,12.2,135.0
2021-03-23 15:48:00,11.1,136.0
2021-03-23 15:54:00,10.7,136.0
2021-03-23 16:00:00,10.8,135.0
2021-03-23 16:06:00,10.1,136.0
2021-03-23 16:12:00,9.9,136.0
2021-03-23 16:18:00,10.0,136.0
2021-03-23 16:24:00,10.2,134.0
2021-03-23 16:30:00,10.5,133.0
2021-03-23 16:36:00,10.8,132.0
2021-03-23 16:42:00,10.5,133.0
2021-03-23 16:48:00,10.3,133.0
2021-03-23 16:54:00,10.6,134.0
2021-03-23 17:00:00,10.6,133.0
2021-03-23 17:06:00,10.0,135.0
2021-03-23 17:12:00,10.6,133.0
2021-03-23 17:18:00,11.0,133.0
2021-03-23 17:24:00,10.7,136.0
2021-03-23 17:30:00,10.5,137.0
2021-03-23 17:36:00,10.4,139.0
2021-03-23 17:42:00,9.4,139.0
2021-03-23 17:48:00,7.8,139.0
2021-03-23 17:54:00,5.3,140.0
2021-03-23 18:00:00,2.8,134.0
2021-03-23 18:06:00,3.6,15.0
2021-03-23 18:12:00,7.2,308.0
2021-03-23 18:18:00,4.6,328.0
2021-03-23 18:24:00,1.1,325.0
2021-03-23 18:30:00,1.8,37.0
2021-03-23 18:36:00,7.1,337.0
2021-03-23 18:42:00,12.6,324.0
2021-03-23 18:48:00,8.9,347.0
2021-03-23 18:54:00,5.7,312.0
2021-03-23 19:00:00,4.5,316.0
2021-03-23 19:06:00,6.7,301.0
2021-03-23 19:12:00,5.6,295.0
2021-03-23 19:18:00,7.8,330.0
2021-03-23 19:24:00,3.9,319.0
2021-03-23 19:30:00,6.7,306.0
2021-03-23 19:36:00,7.3,324.0
2021-03-23 19:42:00,8.1,12.0
2021-03-23 19:48:00,4.5,18.0
2021-03-23 19:54:00,5.2,3.0
2021-03-23 20:00:00,4.7,296.0
2021-03-23 20:06:00,5.3,309.0
2021-03-23 20:12:00,6.4,292.0
2021-03-23 20:18:00,4.8,309.0
2021-03-23 20:24:00,5.8,304.0
2021-03-23 20:30:00,4.3,304.0
2021-03-23 20:36:00,4.8,325.0
2021-03-23 20:42:00,4.8,317.0
2021-03-23 20:48:00,5.0,321.0
2021-03-23 20:54:00,3.1,329.0
2021-03-23 21:00:00,1.8,358.0
2021-03-23 21:06:00,3.4,6.0
2021-03-23 21:12:00,4.8,348.0
2021-03-23 21:18:00,5.6,351.0
2021-03-23 21:24:00,6.5,352.0
2021-03-23 21:30:00,6.7,15.0
2021-03-23 21:36:00,4.2,29.0
2021-03-23 21:42:00,5.1,17.0
2021-03-23 21:48:00,5.7,2.0
2021-03-23 21:54:00,5.8,18.0
2021-03-23 22:00:00,6.0,23.0
2021-03-23 22:06:00,6.2,19.0
2021-03-23 22:12:00,4.5,35.0
2021-03-23 22:18:00,4.5,20.0
2021-03-23 22:24:00,6.4,23.0
2021-03-23 22:30:00,7.1,5.0
2021-03-23 22:36:00,5.5,30.0
2021-03-23 22:42:00,8.0,15.0
2021-03-23 22:48:00,7.3,23.0
2021-03-23 22:54:00,6.9,14.0
2021-03-23 23:00:00,6.5,22.0
2021-03-23 23:06:00,7.6,19.0
2021-03-23 23:12:00,8.6,11.0
2021-03-23 23:18:00,8.3,11.0
2021-03-23 23:24:00,7.3,9.0
2021-03-23 23:30:00,7.1,6.0
2021-03-23 23:36:00,8.5,6.0
2021-03-23 23:42:00,6.9,18.0
2021-03-23 23:48:00,7.2,3.0
2021-03-23 23:54:00,7.1,27.0
2021-03-24 00:00:00,6.0,14.0
2021-03-24 00:06:00,5.6,8.0
2021-03-24 00:12:00,6.8,22.0
2021-03-24 00:18:00,7.9,18.0
2021-03-24 00:24:00,6.9,21.0
2021-03-24 00:30:00,7.9,9.0
2021-03-24 00:36:00,8.9,3.0
2021-03-24 00:42:00,7.5,21.0
2021-03-24 00:48:00,7.3,21.0
2021-03-24 00:54:00,6.9,35.0
2021-03-24 01:00:00,6.8,36.0
2021-03-24 01:06:00,8.0,42.0
2021-03-24 01:12:00,8.4,41.0
2021-03-24 01:18:00,9.5,39.0
2021-03-24 01:24:00,8.6,42.0
2021-03-24 01:30:00,7.8,40.0
2021-03-24 01:36:00,7.4,38.0
2021-03-24 01:42:00,8.3,48.0
2021-03-24 01:48:00,8.9,47.0
2021-03-24 01:54:00,8.3,42.0
2021-03-24 02:00:00,9.0,45.0
2021-03-24 02:06:00,8.1,47.0
2021-03-24 02:12:00,6.8,38.0
2021-03-24 02:18:00,7.5,35.0
2021-03-24 02:24:00,7.6,43.0
2021-03-24 02:30:00,7.1,36.0
2021-03-24 02:36:00,8.6,30.0
2021-03-24 02:42:00,7.3,31.0
2021-03-24 02:48:00,7.1,32.0
2021-03-24 02:54:00,6.6,55.0
2021-03-24 03:00:00,6.4,37.0
2021-03-24 03:06:00,6.5,35.0
2021-03-24 03:12:00,7.8,48.0
2021-03-24 03:18:00,8.7,46.0
2021-03-24 03:24:00,9.3,53.0
2021-03-24 03:30:00,9.8,59.0
2021-03-24 03:36:00,10.5,70.0
2021-03-24 03:42:00,12.7,79.0
2021-03-24 03:48:00,12.4,68.0
2021-03-24 03:54:00,14.0,69.0
2021-03-24 04:00:00,14.9,59.0
2021-03-24 04:06:00,14.7,72.0
2021-03-24 04:12:00,14.2,61.0
2021-03-24 04:18:00,14.3,73.0
2021-03-24 04:24:00,13.5,67.0
2021-03-24 04:30:00,13.0,77.0
2021-03-24 04:36:00,12.8,67.0
2021-03-24 04:42:00,13.2,65.0
2021-03-24 04:48:00,12.8,72.0
2021-03-24 04:54:00,11.5,72.0
2021-03-24 05:00:00,12.4,73.0
2021-03-24 05:06:00,11.9,67.0
2021-03-24 05:12:00,12.0,66.0
2021-03-24 05:18:00,12.0,62.0
2021-03-24 05:24:00,13.3,54.0
2021-03-24 05:30:00,13.5,61.0
2021-03-24 05:36:00,13.8,59.0
2021-03-24 05:42:00,14.2,63.0
2021-03-24 05:48:00,12.6,73.0
2021-03-24 05:54:00,12.8,64.0
2021-03-24 06:00:00,11.8,63.0
2021-03-24 06:06:00,11.0,67.0
2021-03-24 06:12:00,11.4,63.0
2021-03-24 06:18:00,10.9,54.0
2021-03-24 06:24:00,10.0,60.0
2021-03-24 06:30:00,11.4,66.0
2021-03-24 06:36:00,11.2,66.0
2021-03-24 06:42:00,11.2,62.0
2021-03-24 06:48:00,10.8,61.0
2021-03-24 06:54:00,10.8,76.0
2021-03-24 07:00:00,11.3,64.0
2021-03-24 07:06:00,11.3,88.0
2021-03-24 07:12:00,13.4,94.0
2021-03-24 07:18:00,12.5,81.0
2021-03-24 07:24:00,13.8,84.0
2021-03-24 07:30:00,13.4,80.0
2021-03-24 07:36:00,13.5,82.0
2021-03-24 07:42:00,12.6,75.0
2021-03-24 07:48:00,12.1,80.0
2021-03-24 07:54:00,13.7,83.0
2021-03-24 08:00:00,10.5,72.0
2021-03-24 08:06:00,11.8,92.0
2021-03-24 08:12:00,9.2,85.0
2021-03-24 08:18:00,11.3,82.0
2021-03-24 08:24:00,10.6,83.0
2021-03-24 08:30:00,10.7,78.0
2021-03-24 08:36:00,9.5,86.0
2021-03-24 08:42:00,10.4,79.0
2021-03-24 08:48:00,10.8,84.0
2021-03-24 08:54:00,10.8,92.0
2021-03-24 09:00:00,10.1,79.0
2021-03-24 09:06:00,9.6,81.0
2021-03-24 09:12:00,10.0,83.0
2021-03-24 09:18:00,9.4,74.0
2021-03-24 09:24:00,11.1,71.0
2021-03-24 09:30:00,10.0,74.0
2021-03-24 09:36:00,10.1,78.0
2021-03-24 09:42:00,10.8,69.0
2021-03-24 09:48:00,10.8,65.0
2021-03-24 09:54:00,11.2,62.0
2021-03-24 10:00:00,10.6,68.0
2021-03-24 10:06:00,10.0,67.0
2021-03-24 10:12:00,9.3,66.0
2021-03-24 10:18:00,9.5,70.0
2021-03-24 10:24:00,9.9,66.0
2021-03-24 10:30:00,9.3,68.0
2021-03-24 10:36:00,9.8,60.0
2021-03-24 10:42:00,9.5,68.0
2021-03-24 10:48:00,11.5,76.0
2021-03-24 10:54:00,11.2,66.0
2021-03-24 11:00:00,9.3,64.0
2021-03-24 11:06:00,8.8,67.0
2021-03-24 11:12:00,8.6,66.0
2021-03-24 11:18:00,8.1,77.0
2021-03-24 11:24:00,10.3,65.0
2021-03-24 11:30:00,11.0,75.0
2021-03-24 11:36:00,10.6,68.0
2021-03-24 11:42:00,9.6,70.0
2021-03-24 11:48:00,8.6,65.0
2021-03-24 11:54:00,8.6,67.0
2021-03-24 12:00:00,9.6,68.0
2021-03-24 12:06:00,10.1,71.0
2021-03-24 12:12:00,10.8,73.0
2021-03-24 12:18:00,9.0,75.0
2021-03-24 12:24:00,9.3,75.0
2021-03-24 12:30:00,11.0,74.0
2021-03-24 12:36:00,10.3,76.0
2021-03-24 12:42:00,9.4,71.0
2021-03-24 12:48:00,11.1,70.0
2021-03-24 12:54:00,10.2,69.0
2021-03-24 13:00:00,11.3,70.0
2021-03-24 13:06:00,10.8,69.0
2021-03-24 13:12:00,11.5,72.0
2021-03-24 13:18:00,10.5,71.0
2021-03-24 13:24:00,12.1,75.0
2021-03-24 13:30:00,9.9,75.0
2021-03-24 13:36:00,9.4,72.0
2021-03-24 13:42:00,11.8,77.0
2021-03-24 13:48:00,10.0,80.0
2021-03-24 13:54:00,10.8,75.0
2021-03-24 14:00:00,10.6,69.0
2021-03-24 14:06:00,10.1,72.0
2021-03-24 14:12:00,10.8,69.0
2021-03-24 14:18:00,11.4,70.0
2021-03-24 14:24:00,10.0,67.0
2021-03-24 14:30:00,9.2,62.0
2021-03-24 14:36:00,9.8,64.0
2021-03-24 14:42:00,9.0,65.0
2021-03-24 14:48:00,9.0,56.0
2021-03-24 14:54:00,8.1,55.0
2021-03-24 15:00:00,8.8,57.0
2021-03-24 15:06:00,8.4,61.0
2021-03-24 15:12:00,7.9,61.0
2021-03-24 15:18:00,8.7,64.0
2021-03-24 15:24:00,9.4,67.0
2021-03-24 15:30:00,8.6,63.0
2021-03-24 15:36:00,7.3,54.0
2021-03-24 15:42:00,7.1,46.0
2021-03-24 15:48:00,6.0,42.0
2021-03-24 15:54:00,5.0,26.0
2021-03-24 16:00:00,5.2,35.0
2021-03-24 16:06:00,5.7,40.0
2021-03-24 16:12:00,7.0,41.0
2021-03-24 16:18:00,6.2,53.0
2021-03-24 16:24:00,5.2,57.0
2021-03-24 16:30:00,6.3,59.0
2021-03-24 16:36:00,6.6,55.0
2021-03-24 16:42:00,8.1,60.0
2021-03-24 16:48:00,8.2,59.0
2021-03-24 16:54:00,7.2,55.0
2021-03-24 17:00:00,7.0,57.0
2021-03-24 17:06:00,7.3,59.0
2021-03-24 17:12:00,7.2,58.0
2021-03-24 17:18:00,6.9,56.0
2021-03-24 17:24:00,5.9,58.0
2021-03-24 17:30:00,6.4,54.0
2021-03-24 17:36:00,5.5,48.0
2021-03-24 17:42:00,5.4,54.0
2021-03-24 17:48:00,5.7,56.0
2021-03-24 17:54:00,7.8,62.0
2021-03-24 18:00:00,7.7,61.0
2021-03-24 18:06:00,7.3,59.0
2021-03-24 18:12:00,7.2,58.0
2021-03-24 18:18:00,7.6,60.0
2021-03-24 18:24:00,7.6,64.0
2021-03-24 18:30:00,8.0,68.0
2021-03-24 18:36:00,8.0,69.0
2021-03-24 18:42:00,8.8,70.0
2021-03-24 18:48:00,8.1,69.0
2021-03-24 18:54:00,8.9,70.0
2021-03-24 19:00:00,8.7,72.0
2021-03-24 19:06:00,7.8,73.0
2021-03-24 19:12:00,9.0,74.0
2021-03-24 19:18:00,10.1,73.0
2021-03-24 19:24:00,9.7,73.0
2021-03-24 19:30:00,8.3,77.0
2021-03-24 19:36:00,9.4,72.0
2021-03-24 19:42:00,10.9,77.0
2021-03-24 19:48:00,10.1,78.0
2021-03-24 19:54:00,9.5,78.0
2021-03-24 20:00:00,10.1,74.0
2021-03-24 20:06:00,9.9,74.0
2021-03-24 20:12:00,9.0,76.0
2021-03-24 20:18:00,9.5,78.0
2021-03-24 20:24:00,10.0,79.0
2021-03-24 20:30:00,11.2,72.0
2021-03-24 20:36:00,8.7,68.0
2021-03-24 20:42:00,9.2,69.0
2021-03-24 20:48:00,9.7,68.0
2021-03-24 20:54:00,8.9,63.0
2021-03-24 21:00:00,8.4,64.0
2021-03-24 21:06:00,8.7,67.0
2021-03-24 21:12:00,8.6,63.0
2021-03-24 21:18:00,8.7,67.0
2021-03-24 21:24:00,8.9,66.0
2021-03-24 21:30:00,8.0,66.0
2021-03-24 21:36:00,7.9,68.0
2021-03-24 21:42:00,7.8,68.0
2021-03-24 21:48:00,8.4,71.0
2021-03-24 21:54:00,8.5,69.0
2021-03-24 22:00:00,8.5,68.0
2021-03-24 22:06:00,8.5,74.0
2021-03-24 22:12:00,8.7,72.0
2021-03-24 22:18:00,9.1,71.0
2021-03-24 22:24:00,8.7,70.0
2021-03-24 22:30:00,8.1,69.0
2021-03-24 22:36:00,8.4,70.0
2021-03-24 22:42:00,7.7,67.0
2021-03-24 22:48:00,7.0,65.0
2021-03-24 22:54:00,7.3,65.0
2021-03-24 23:00:00,6.9,62.0
2021-03-24 23:06:00,6.9,64.0
2021-03-24 23:12:00,7.4,67.0
2021-03-24 23:18:00,7.6,64.0
2021-03-24 23:24:00,7.6,67.0
2021-03-24 23:30:00,7.7,66.0
2021-03-24 23:36:00,7.8,69.0
2021-03-24 23:42:00,7.8,68.0
2021-03-24 23:48:00,7.7,67.0
2021-03-24 23:54:00,7.6,69.0
2021-03-25 00:00:00,8.6,73.0
2021-03-25 00:06:00,8.4,74.0
2021-03-25 00:12:00,7.9,70.0
2021-03-25 00:18:00,7.7,70.0
2021-03-25 00:24:00,8.0,74.0
2021-03-25 00:30:00,8.1,75.0
2021-03-25 00:36:00,8.1,77.0
2021-03-25 00:42:00,8.6,74.0
2021-03-25 00:48:00,8.7,77.0
2021-03-25 00:54:00,7.5,80.0
2021-03-25 01:00:00,8.0,82.0
2021-03-25 01:06:00,7.0,80.0
2021-03-25 01:12:00,7.3,77.0
2021-03-25 01:18:00,8.4,78.0
2021-03-25 01:24:00,8.9,85.0
2021-03-25 01:30:00,8.3,80.0
2021-03-25 01:36:00,7.4,81.0
2021-03-25 01:42:00,8.0,87.0
2021-03-25 01:48:00,8.6,91.0
2021-03-25 01:54:00,9.3,96.0
2021-03-25 02:00:00,10.5,101.0
2021-03-25 02:06:00,10.3,102.0
2021-03-25 02:12:00,9.8,106.0
2021-03-25 02:18:00,10.8,107.0
2021-03-25 02:24:00,10.3,109.0
2021-03-25 02:30:00,10.7,108.0
2021-03-25 02:36:00,10.3,109.0
2021-03-25 02:42:00,9.9,108.0
2021-03-25 02:48:00,10.0,111.0
2021-03-25 02:54:00,10.2,109.0
2021-03-25 03:00:00,10.9,110.0
2021-03-25 03:06:00,9.7,111.0
2021-03-25 03:12:00,10.0,110.0
2021-03-25 03:18:00,9.7,113.0
2021-03-25 03:24:00,9.6,113.0
2021-03-25 03:30:00,10.5,113.0
2021-03-25 03:36:00,9.7,117.0
2021-03-25 03:42:00,9.9,125.0
2021-03-25 03:48:00,7.9,129.0
2021-03-25 03:54:00,8.3,123.0
2021-03-25 04:00:00,8.2,123.0
2021-03-25 04:06:00,8.3,121.0
2021-03-25 04:12:00,7.7,120.0
2021-03-25 04:18:00,7.9,119.0
2021-03-25 04:24:00,7.6,114.0
2021-03-25 04:30:00,7.2,112.0
2021-03-25 04:36:00,7.8,112.0
2021-03-25 04:42:00,7.5,112.0
2021-03-25 04:48:00,8.1,115.0
2021-03-25 04:54:00,8.1,118.0
2021-03-25 05:00:00,7.7,115.0
2021-03-25 05:06:00,7.7,117.0
2021-03-25 05:12:00,7.7,120.0
2021-03-25 05:18:00,7.2,120.0
2021-03-25 05:24:00,6.9,116.0
2021-03-25 05:30:00,7.7,115.0
2021-03-25 05:36:00,8.0,115.0
2021-03-25 05:42:00,8.1,114.0
2021-03-25 05:48:00,7.6,113.0
2021-03-25 05:54:00,8.0,114.0
2021-03-25 06:00:00,8.0,115.0
2021-03-25 06:06:00,7.3,114.0
2021-03-25 06:12:00,7.2,117.0
2021-03-25 06:18:00,7.1,117.0
2021-03-25 06:24:00,7.6,118.0
2021-03-25 06:30:00,7.8,115.0
2021-03-25 06:36:00,8.6,114.0
2021-03-25 06:42:00,8.9,113.0
2021-03-25 06:48:00,8.6,116.0
2021-03-25 06:54:00,8.6,116.0
2021-03-25 07:00:00,7.7,116.0
2021-03-25 07:06:00,7.7,120.0
2021-03-25 07:12:00,7.2,121.0
2021-03-25 07:18:00,7.5,120.0
2021-03-25 07:24:00,7.2,123.0
2021-03-25 07:30:00,7.2,126.0
2021-03-25 07:36:00,6.9,126.0
2021-03-25 07:42:00,7.2,128.0
2021-03-25 07:48:00,6.7,129.0
2021-03-25 07:54:00,6.9,126.0
2021-03-25 08:00:00,6.3,126.0
2021-03-25 08:06:00,6.2,126.0
2021-03-25 08:12:00,6.0,126.0
2021-03-25 08:18:00,5.8,128.0
2021-03-25 08:24:00,5.7,129.0
2021-03-25 08:30:00,5.7,128.0
2021-03-25 08:36:00,5.6,126.0
2021-03-25 08:42:00,5.6,130.0
2021-03-25 08:48:00,5.6,131.0
2021-03-25 08:54:00,5.6,132.0
2021-03-25 09:00:00,6.0,130.0
2021-03-25 09:06:00,5.9,127.0
2021-03-25 09:12:00,6.1,125.0
2021-03-25 09:18:00,5.8,127.0
2021-03-25 09:24:00,5.8,125.0
2021-03-25 09:30:00,6.0,125.0
2021-03-25 09:36:00,6.1,124.0
2021-03-25 09:42:00,6.3,121.0
2021-03-25 09:48:00,6.7,120.0
2021-03-25 09:54:00,6.7,120.0
2021-03-25 10:00:00,6.6,121.0
2021-03-25 10:06:00,6.7,121.0
2021-03-25 10:12:00,6.8,122.0
2021-03-25 10:18:00,7.1,123.0
2021-03-25 10:24:00,7.2,126.0
2021-03-25 10:30:00,7.2,126.0
2021-03-25 10:36:00,7.3,126.0
2021-03-25 10:42:00,7.4,124.0
2021-03-25 10:48:00,7.7,124.0
2021-03-25 10:54:00,7.7,123.0
2021-03-25 11:00:00,7.9,121.0
2021-03-25 11:06:00,8.7,122.0
2021-03-25 11:12:00,9.0,123.0
2021-03-25 11:18:00,9.8,124.0
2021-03-25 11:24:00,10.0,125.0
2021-03-25 11:30:00,10.8,127.0
2021-03-25 11:36:00,10.0,129.0
2021-03-25 11:42:00,9.6,129.0
2021-03-25 11:48:00,9.4,131.0
2021-03-25 11:54:00,9.6,133.0
2021-03-25 12:00:00,9.1,133.0
2021-03-25 12:06:00,9.2,132.0
2021-03-25 12:12:00,9.4,133.0
2021-03-25 12:18:00,9.6,132.0
2021-03-25 12:24:00,9.3,131.0
2021-03-25 12:30:00,9.5,129.0
2021-03-25 12:36:00,9.0,129.0
2021-03-25 12:42:00,8.7,129.0
2021-03-25 12:48:00,8.9,130.0
2021-03-25 12:54:00,9.3,130.0
2021-03-25 13:00:00,9.0,132.0
2021-03-25 13:06:00,8.9,132.0
2021-03-25 13:12:00,8.7,132.0
2021-03-25 13:18:00,8.9,131.0
2021-03-25 13:24:00,8.8,131.0
2021-03-25 13:30:00,8.4,131.0
2021-03-25 13:36:00,8.3,130.0
2021-03-25 13:42:00,8.3,129.0
2021-03-25 13:48:00,7.8,130.0
2021-03-25 13:54:00,7.8,128.0
2021-03-25 14:00:00,7.7,129.0
2021-03-25 14:06:00,7.9,129.0
2021-03-25 14:12:00,7.8,129.0
2021-03-25 14:18:00,7.6,129.0
2021-03-25 14:24:00,7.2,131.0
2021-03-25 14:30:00,6.7,134.0
2021-03-25 14:36:00,5.4,140.0
2021-03-25 14:42:00,4.8,147.0
2021-03-25 14:48:00,3.2,161.0
2021-03-25 14:54:00,2.6,170.0
2021-03-25 15:00:00,2.3,168.0
2021-03-25 15:06:00,2.0,169.0
2021-03-25 15:12:00,2.1,164.0
2021-03-25 15:18:00,2.8,146.0
2021-03-25 15:24:00,4.5,129.0
2021-03-25 15:30:00,5.2,126.0
2021-03-25 15:36:00,5.7,122.0
2021-03-25 15:42:00,4.8,122.0
2021-03-25 15:48:00,3.0,124.0
2021-03-25 15:54:00,3.3,124.0
2021-03-25 16:00:00,3.7,130.0
2021-03-25 16:06:00,3.9,131.0
2021-03-25 16:12:00,3.5,134.0
2021-03-25 16:18:00,3.0,132.0
2021-03-25 16:24:00,2.7,139.0
2021-03-25 16:30:00,2.6,139.0
2021-03-25 16:36:00,3.2,138.0
2021-03-25 16:42:00,3.9,132.0
2021-03-25 16:48:00,4.5,133.0
2021-03-25 16:54:00,4.5,137.0
2021-03-25 17:00:00,4.6,137.0
2021-03-25 17:06:00,5.1,140.0
2021-03-25 17:12:00,5.1,138.0
2021-03-25 17:18:00,5.5,135.0
2021-03-25 17:24:00,5.1,136.0
2021-03-25 17:30:00,6.4,136.0
2021-03-25 17:36:00,6.5,134.0
2021-03-25 17:42:00,6.7,137.0
2021-03-25 17:48:00,6.9,139.0
2021-03-25 17:54:00,6.7,137.0
2021-03-25 18:00:00,6.7,139.0
2021-03-25 18:06:00,6.4,139.0
2021-03-25 18:12:00,6.7,137.0
2021-03-25 18:18:00,6.9,136.0
2021-03-25 18:24:00,6.9,142.0
2021-03-25 18:30:00,6.5,142.0
2021-03-25 18:36:00,5.9,147.0
2021-03-25 18:42:00,5.5,155.0
2021-03-25 18:48:00,5.1,164.0
2021-03-25 18:54:00,4.9,216.0
2021-03-25 19:00:00,5.5,177.0
2021-03-25 19:06:00,5.2,165.0
2021-03-25 19:12:00,4.5,144.0
2021-03-25 19:18:00,6.3,150.0
2021-03-25 19:24:00,5.4,155.0
2021-03-25 19:30:00,5.9,155.0
2021-03-25 19:36:00,6.3,158.0
2021-03-25 19:42:00,6.1,163.0
2021-03-25 19:48:00,6.0,165.0
2021-03-25 19:54:00,5.6,161.0
2021-03-25 20:00:00,5.9,155.0
2021-03-25 20:06:00,5.8,154.0
2021-03-25 20:12:00,5.7,156.0
2021-03-25 20:18:00,5.2,157.0
2021-03-25 20:24:00,5.3,152.0
2021-03-25 20:30:00,5.6,150.0
2021-03-25 20:36:00,5.8,161.0
2021-03-25 20:42:00,5.3,161.0
2021-03-25 20:48:00,5.5,158.0
2021-03-25 20:54:00,5.4,152.0
2021-03-25 21:00:00,5.5,157.0
2021-03-25 21:06:00,5.7,157.0
2021-03-25 21:12:00,5.8,162.0
2021-03-25 21:18:00,5.4,160.0
2021-03-25 21:24:00,5.7,158.0
2021-03-25 21:30:00,5.8,158.0
2021-03-25 21:36:00,5.6,160.0
2021-03-25 21:42:00,5.2,157.0
2021-03-25 21:48:00,5.1,157.0
2021-03-25 21:54:00,5.2,153.0
2021-03-25 22:00:00,5.9,150.0
2021-03-25 22:06:00,5.6,147.0
2021-03-25 22:12:00,6.1,147.0
2021-03-25 22:18:00,5.8,154.0
2021-03-25 22:24:00,5.1,163.0
2021-03-25 22:30:00,4.7,166.0
2021-03-25 22:36:00,4.4,178.0
2021-03-25 22:42:00,4.1,175.0
2021-03-25 22:48:00,4.6,164.0
2021-03-25 22:54:00,4.3,167.0
2021-03-25 23:00:00,3.7,168.0
2021-03-25 23:06:00,4.2,160.0
2021-03-25 23:12:00,4.2,165.0
2021-03-25 23:18:00,4.3,163.0
2021-03-25 23:24:00,2.4,174.0
2021-03-25 23:30:00,4.2,167.0
2021-03-25 23:36:00,4.7,163.0
2021-03-25 23:42:00,4.8,166.0
2021-03-25 23:48:00,4.6,166.0
2021-03-25 23:54:00,4.9,161.0
2021-03-26 00:00:00,4.4,163.0
2021-03-26 00:06:00,5.0,161.0
2021-03-26 00:12:00,5.0,160.0
2021-03-26 00:18:00,4.3,164.0
2021-03-26 00:24:00,3.8,168.0
2021-03-26 00:30:00,3.1,178.0
2021-03-26 00:36:00,3.7,183.0
2021-03-26 00:42:00,3.8,177.0
2021-03-26 00:48:00,3.8,172.0
2021-03-26 00:54:00,4.3,176.0
2021-03-26 01:00:00,4.1,181.0
2021-03-26 01:06:00,3.7,180.0
2021-03-26 01:12:00,3.4,173.0
2021-03-26 01:18:00,3.7,175.0
2021-03-26 01:24:00,3.4,172.0
2021-03-26 01:30:00,2.8,177.0
2021-03-26 01:36:00,3.3,180.0
2021-03-26 01:42:00,2.8,179.0
2021-03-26 01:48:00,2.9,172.0
2021-03-26 01:54:00,2.9,170.0
2021-03-26 02:00:00,2.7,170.0
2021-03-26 02:06:00,3.0,187.0
2021-03-26 02:12:00,3.5,193.0
2021-03-26 02:18:00,3.3,196.0
2021-03-26 02:24:00,2.2,195.0
2021-03-26 02:30:00,3.0,194.0
2021-03-26 02:36:00,2.6,183.0
2021-03-26 02:42:00,3.4,191.0
2021-03-26 02:48:00,3.3,186.0
2021-03-26 02:54:00,3.1,179.0
2021-03-26 03:00:00,3.2,171.0
2021-03-26 03:06:00,3.4,174.0
2021-03-26 03:12:00,4.0,177.0
2021-03-26 03:18:00,3.8,192.0
2021-03-26 03:24:00,3.1,197.0
2021-03-26 03:30:00,2.6,179.0
2021-03-26 03:36:00,2.6,184.0
2021-03-26 03:42:00,2.4,177.0
2021-03-26 03:48:00,2.2,182.0
2021-03-26 03:54:00,2.3,199.0
2021-03-26 04:00:00,2.5,205.0
2021-03-26 04:06:00,2.5,205.0
2021-03-26 04:12:00,2.5,209.0
2021-03-26 04:18:00,2.1,204.0
2021-03-26 04:24:00,2.3,208.0
2021-03-26 04:30:00,2.4,202.0
2021-03-26 04:36:00,2.5,193.0
2021-03-26 04:42:00,2.0,183.0
2021-03-26 04:48:00,2.2,183.0
2021-03-26 04:54:00,2.1,185.0
2021-03-26 05:00:00,2.3,199.0
2021-03-26 05:06:00,2.5,202.0
2021-03-26 05:12:00,1.9,202.0
2021-03-26 05:18:00,2.4,215.0
2021-03-26 05:24:00,1.9,208.0
2021-03-26 05:30:00,2.0,217.0
2021-03-26 05:36:00,2.0,217.0
2021-03-26 05:42:00,1.6,205.0
2021-03-26 05:48:00,2.3,205.0
2021-03-26 05:54:00,1.9,224.0
2021-03-26 06:00:00,2.3,233.0
2021-03-26 06:06:00,2.0,231.0
2021-03-26 06:12:00,2.4,225.0
2021-03-26 06:18:00,2.0,249.0
2021-03-26 06:24:00,2.3,246.0
2021-03-26 06:30:00,2.2,236.0
2021-03-26 06:36:00,2.1,252.0
2021-03-26 06:42:00,2.1,223.0
2021-03-26 06:48:00,1.8,229.0
2021-03-26 06:54:00,1.8,238.0
2021-03-26 07:00:00,2.0,226.0
2021-03-26 07:06:00,2.4,244.0
2021-03-26 07:12:00,2.2,235.0
2021-03-26 07:18:00,2.1,242.0
2021-03-26 07:24:00,2.4,244.0
2021-03-26 07:30:00,2.4,238.0
2021-03-26 07:36:00,2.6,243.0
2021-03-26 07:42:00,2.3,247.0
2021-03-26 07:48:00,2.5,258.0
2021-03-26 07:54:00,3.1,256.0
2021-03-26 08:00:00,3.6,266.0
2021-03-26 08:06:00,3.1,272.0
2021-03-26 08:12:00,2.9,278.0
2021-03-26 08:18:00,4.1,282.0
2021-03-26 08:24:00,4.2,280.0
2021-03-26 08:30:00,4.1,276.0
2021-03-26 08:36:00,3.5,287.0
2021-03-26 08:42:00,4.1,293.0
2021-03-26 08:48:00,3.2,286.0
2021-03-26 08:54:00,2.2,285.0
2021-03-26 09:00:00,2.1,290.0
2021-03-26 09:06:00,3.0,288.0
2021-03-26 09:12:00,4.7,288.0
2021-03-26 09:18:00,3.7,292.0
2021-03-26 09:24:00,4.7,293.0
2021-03-26 09:30:00,3.1,304.0
2021-03-26 09:36:00,2.9,312.0
2021-03-26 09:42:00,2.5,316.0
2021-03-26 09:48:00,1.8,338.0
2021-03-26 09:54:00,1.7,340.0
2021-03-26 10:00:00,2.0,337.0
2021-03-26 10:06:00,1.6,354.0
2021-03-26 10:12:00,2.6,9.0
2021-03-26 10:18:00,2.7,6.0
2021-03-26 10:24:00,3.1,352.0
2021-03-26 10:30:00,2.7,360.0
2021-03-26 10:36:00,1.7,345.0
2021-03-26 10:42:00,2.4,16.0
2021-03-26 10:48:00,2.2,350.0
2021-03-26 10:54:00,2.0,9.0
2021-03-26 11:00:00,1.7,3.0
2021-03-26 11:06:00,1.8,352.0
2021-03-26 11:12:00,1.8,0.0
2021-03-26 11:18:00,2.1,342.0
2021-03-26 11:24:00,2.4,334.0
2021-03-26 11:30:00,2.4,338.0
2021-03-26 11:36:00,2.6,335.0
2021-03-26 11:42:00,2.8,338.0
2021-03-26 11:48:00,3.2,322.0
2021-03-26 11:54:00,2.6,331.0
2021-03-26 12:00:00,2.6,355.0
2021-03-26 12:06:00,3.3,360.0
2021-03-26 12:12:00,3.4,9.0
2021-03-26 12:18:00,3.1,17.0
2021-03-26 12:24:00,2.8,358.0
2021-03-26 12:30:00,3.3,334.0
2021-03-26 12:36:00,3.2,339.0
2021-03-26 12:42:00,3.0,339.0
2021-03-26 12:48:00,3.1,346.0
2021-03-26 12:54:00,3.3,9.0
2021-03-26 13:00:00,3.3,2.0
2021-03-26 13:06:00,3.8,353.0
2021-03-26 13:12:00,3.9,3.0
2021-03-26 13:18:00,4.5,12.0
2021-03-26 13:24:00,4.1,19.0
2021-03-26 13:30:00,4.0,21.0
2021-03-26 13:36:00,4.0,7.0
2021-03-26 13:42:00,4.2,6.0
2021-03-26 13:48:00,4.2,4.0
2021-03-26 13:54:00,4.7,7.0
2021-03-26 14:00:00,4.8,9.0
2021-03-26 14:06:00,5.0,8.0
2021-03-26 14:12:00,4.8,9.0
2021-03-26 14:18:00,4.2,16.0
2021-03-26 14:24:00,3.8,10.0
2021-03-26 14:30:00,3.6,8.0
2021-03-26 14:36:00,3.6,9.0
2021-03-26 14:42:00,3.8,18.0
2021-03-26 14:48:00,3.1,28.0
2021-03-26 14:54:00,3.0,29.0
2021-03-26 15:00:00,2.6,32.0
2021-03-26 15:06:00,2.6,47.0
2021-03-26 15:12:00,3.3,46.0
2021-03-26 15:18:00,3.4,38.0
2021-03-26 15:24:00,4.2,42.0
2021-03-26 15:30:00,4.1,39.0
2021-03-26 15:36:00,4.0,35.0
2021-03-26 15:42:00,3.9,33.0
2021-03-26 15:48:00,3.9,30.0
2021-03-26 15:54:00,4.4,33.0
2021-03-26 16:00:00,4.5,40.0
2021-03-26 16:06:00,4.4,44.0
2021-03-26 16:12:00,4.5,46.0
2021-03-26 16:18:00,4.6,47.0
2021-03-26 16:24:00,3.9,46.0
2021-03-26 16:30:00,4.1,41.0
2021-03-26 16:36:00,4.2,38.0
2021-03-26 16:42:00,4.5,39.0
2021-03-26 16:48:00,5.2,39.0
2021-03-26 16:54:00,5.1,37.0
2021-03-26 17:00:00,5.2,40.0
2021-03-26 17:06:00,4.7,41.0
2021-03-26 17:12:00,4.5,40.0
2021-03-26 17:18:00,4.2,38.0
2021-03-26 17:24:00,4.7,42.0
2021-03-26 17:30:00,4.8,44.0
2021-03-26 17:36:00,4.9,47.0
2021-03-26 17:42:00,4.4,48.0
2021-03-26 17:48:00,4.4,47.0
2021-03-26 17:54:00,3.4,48.0
2021-03-26 18:00:00,3.5,49.0
2021-03-26 18:06:00,2.9,50.0
2021-03-26 18:12:00,2.1,71.0
2021-03-26 18:18:00,1.8,87.0
2021-03-26 18:24:00,2.2,98.0
2021-03-26 18:30:00,2.5,102.0
2021-03-26 18:36:00,3.8,115.0
2021-03-26 18:42:00,5.3,117.0
2021-03-26 18:48:00,4.5,112.0
2021-03-26 18:54:00,4.8,114.0
2021-03-26 19:00:00,5.2,118.0
2021-03-26 19:06:00,5.1,115.0
2021-03-26 19:12:00,5.3,112.0
2021-03-26 19:18:00,6.0,112.0
2021-03-26 19:24:00,5.6,113.0
2021-03-26 19:30:00,5.8,112.0
2021-03-26 19:36:00,5.5,113.0
2021-03-26 19:42:00,5.4,114.0
2021-03-26 19:48:00,5.9,115.0
2021-03-26 19:54:00,5.5,113.0
2021-03-26 20:00:00,5.5,113.0
2021-03-26 20:06:00,5.9,112.0
2021-03-26 20:12:00,6.0,110.0
2021-03-26 20:18:00,5.6,111.0
2021-03-26 20:24:00,5.4,113.0
2021-03-26 20:30:00,5.7,112.0
2021-03-26 20:36:00,5.9,113.0
2021-03-26 20:42:00,5.9,110.0
2021-03-26 20:48:00,6.4,109.0
2021-03-26 20:54:00,6.3,109.0
2021-03-26 21:00:00,6.2,108.0
2021-03-26 21:06:00,6.7,110.0
2021-03-26 21:12:00,6.9,109.0
2021-03-26 21:18:00,7.0,109.0
2021-03-26 21:24:00,7.2,111.0
2021-03-26 21:30:00,7.2,109.0
2021-03-26 21:36:00,7.3,108.0
2021-03-26 21:42:00,7.2,108.0
2021-03-26 21:48:00,7.0,108.0
2021-03-26 21:54:00,7.5,108.0
2021-03-26 22:00:00,6.8,110.0
2021-03-26 22:06:00,7.1,109.0
2021-03-26 22:12:00,6.6,108.0
2021-03-26 22:18:00,6.8,108.0
2021-03-26 22:24:00,6.5,108.0
2021-03-26 22:30:00,6.7,108.0
2021-03-26 22:36:00,6.8,108.0
2021-03-26 22:42:00,7.1,106.0
2021-03-26 22:48:00,7.2,107.0
2021-03-26 22:54:00,7.3,107.0
2021-03-26 23:00:00,6.9,106.0
2021-03-26 23:06:00,7.1,107.0
2021-03-26 23:12:00,6.8,108.0
2021-03-26 23:18:00,6.8,108.0
2021-03-26 23:24:00,6.6,107.0
2021-03-26 23:30:00,5.9,106.0
2021-03-26 23:36:00,5.5,104.0
2021-03-26 23:42:00,5.6,100.0
2021-03-26 23:48:00,5.6,100.0
2021-03-26 23:54:00,5.8,98.0
2021-03-27 00:00:00,6.0,99.0
2021-03-27 00:06:00,5.7,99.0
2021-03-27 00:12:00,5.6,98.0
2021-03-27 00:18:00,5.7,97.0
2021-03-27 00:24:00,5.7,95.0
2021-03-27 00:30:00,5.6,95.0
2021-03-27 00:36:00,5.7,94.0
2021-03-27 00:42:00,5.5,94.0
2021-03-27 00:48:00,5.2,98.0
2021-03-27 00:54:00,6.1,102.0
2021-03-27 01:00:00,6.1,105.0
2021-03-27 01:06:00,4.3,112.0
2021-03-27 01:12:00,3.6,104.0
2021-03-27 01:18:00,4.2,98.0
2021-03-27 01:24:00,4.6,100.0
2021-03-27 01:30:00,5.1,100.0
2021-03-27 01:36:00,4.7,102.0
2021-03-27 01:42:00,4.9,103.0
2021-03-27 01:48:00,5.3,101.0
2021-03-27 01:54:00,5.7,103.0
2021-03-27 02:00:00,5.7,103.0
2021-03-27 02:06:00,5.7,102.0
2021-03-27 02:12:00,5.5,102.0
2021-03-27 02:18:00,5.6,105.0
2021-03-27 02:24:00,5.3,106.0
2021-03-27 02:30:00,5.0,107.0
2021-03-27 02:36:00,5.1,107.0
2021-03-27 02:42:00,4.8,106.0
2021-03-27 02:48:00,5.5,107.0
2021-03-27 02:54:00,6.1,109.0
2021-03-27 03:00:00,7.7,107.0
2021-03-27 03:06:00,8.7,109.0
2021-03-27 03:12:00,9.1,109.0
2021-03-27 03:18:00,8.9,108.0
2021-03-27 03:24:00,8.9,109.0
2021-03-27 03:30:00,8.6,108.0
2021-03-27 03:36:00,8.8,109.0
2021-03-27 03:42:00,9.1,111.0
2021-03-27 03:48:00,8.9,112.0
2021-03-27 03:54:00,8.8,111.0
2021-03-27 04:00:00,9.1,112.0
2021-03-27 04:06:00,9.2,114.0
2021-03-27 04:12:00,9.7,116.0
2021-03-27 04:18:00,9.7,119.0
2021-03-27 04:24:00,10.2,118.0
2021-03-27 04:30:00,10.4,119.0
2021-03-27 04:36:00,10.0,118.0
2021-03-27 04:42:00,9.9,118.0
2021-03-27 04:48:00,10.0,116.0
2021-03-27 04:54:00,10.2,118.0
2021-03-27 05:00:00,9.8,119.0
2021-03-27 05:06:00,9.5,118.0
2021-03-27 05:12:00,9.3,119.0
2021-03-27 05:18:00,8.5,117.0
2021-03-27 05:24:00,8.0,116.0
2021-03-27 05:30:00,8.0,117.0
2021-03-27 05:36:00,7.4,116.0
2021-03-27 05:42:00,8.0,117.0
2021-03-27 05:48:00,7.5,117.0
2021-03-27 05:54:00,8.2,118.0
2021-03-27 06:00:00,8.1,119.0
2021-03-27 06:06:00,7.6,118.0
2021-03-27 06:12:00,7.8,120.0
2021-03-27 06:18:00,7.8,121.0
2021-03-27 06:24:00,7.9,120.0
2021-03-27 06:30:00,7.4,119.0
2021-03-27 06:36:00,6.9,119.0
2021-03-27 06:42:00,6.7,119.0
2021-03-27 06:48:00,7.2,119.0
2021-03-27 06:54:00,7.1,119.0
2021-03-27 07:00:00,7.0,119.0
2021-03-27 07:06:00,7.3,120.0
2021-03-27 07:12:00,6.9,120.0
2021-03-27 07:18:00,6.9,119.0
2021-03-27 07:24:00,6.8,120.0
2021-03-27 07:30:00,6.7,121.0
2021-03-27 07:36:00,6.5,121.0
2021-03-27 07:42:00,6.4,120.0
2021-03-27 07:48:00,5.8,121.0
2021-03-27 07:54:00,5.8,120.0
2021-03-27 08:00:00,5.7,121.0
2021-03-27 08:06:00,5.9,124.0
2021-03-27 08:12:00,6.3,120.0
2021-03-27 08:18:00,6.3,120.0
2021-03-27 08:24:00,6.5,123.0
2021-03-27 08:30:00,6.5,124.0
2021-03-27 08:36:00,6.8,123.0
2021-03-27 08:42:00,7.0,121.0
2021-03-27 08:48:00,6.7,121.0
2021-03-27 08:54:00,6.8,123.0
2021-03-27 09:00:00,6.6,124.0
2021-03-27 09:06:00,6.6,123.0
2021-03-27 09:12:00,6.9,123.0
2021-03-27 09:18:00,6.4,125.0
2021-03-27 09:24:00,6.3,125.0
2021-03-27 09:30:00,6.2,124.0
2021-03-27 09:36:00,5.8,126.0
2021-03-27 09:42:00,5.7,127.0
2021-03-27 09:48:00,5.9,126.0
2021-03-27 09:54:00,5.3,126.0
2021-03-27 10:00:00,5.7,124.0
2021-03-27 10:06:00,5.5,125.0
2021-03-27 10:12:00,5.8,123.0
2021-03-27 10:18:00,6.3,121.0
2021-03-27 10:24:00,6.3,120.0
2021-03-27 10:30:00,6.5,121.0
2021-03-27 10:36:00,6.0,121.0
2021-03-27 10:42:00,6.0,119.0
2021-03-27 10:48:00,5.9,119.0
2021-03-27 10:54:00,5.8,119.0
2021-03-27 11:00:00,5.4,119.0
2021-03-27 11:06:00,5.8,119.0
2021-03-27 11:12:00,6.2,119.0
2021-03-27 11:18:00,6.6,120.0
2021-03-27 11:24:00,7.4,119.0
2021-03-27 11:30:00,7.6,119.0
2021-03-27 11:36:00,6.8,120.0
2021-03-27 11:42:00,6.3,119.0
2021-03-27 11:48:00,6.6,121.0
2021-03-27 11:54:00,6.7,121.0
2021-03-27 12:00:00,6.8,121.0
2021-03-27 12:06:00,6.4,122.0
2021-03-27 12:12:00,6.0,124.0
2021-03-27 12:18:00,5.2,124.0
2021-03-27 12:24:00,5.9,120.0
2021-03-27 12:30:00,6.0,119.0
2021-03-27 12:36:00,6.7,120.0
2021-03-27 12:42:00,7.0,120.0
2021-03-27 12:48:00,7.3,118.0
2021-03-27 12:54:00,7.2,120.0
2021-03-27 13:00:00,6.7,123.0
2021-03-27 13:06:00,6.8,124.0
2021-03-27 13:12:00,7.2,124.0
2021-03-27 13:18:00,6.7,126.0
2021-03-27 13:24:00,6.9,124.0
2021-03-27 13:30:00,7.5,125.0
2021-03-27 13:36:00,6.6,123.0
2021-03-27 13:42:00,7.1,124.0
2021-03-27 13:48:00,6.6,125.0
2021-03-27 13:54:00,6.6,122.0
2021-03-27 14:00:00,6.1,122.0
2021-03-27 14:06:00,6.1,121.0
2021-03-27 14:12:00,6.2,122.0
2021-03-27 14:18:00,6.1,124.0
2021-03-27 14:24:00,5.9,122.0
2021-03-27 14:30:00,6.1,123.0
2021-03-27 14:36:00,6.4,124.0
2021-03-27 14:42:00,6.9,123.0
2021-03-27 14:48:00,7.2,124.0
2021-03-27 14:54:00,6.9,123.0
2021-03-27 15:00:00,7.6,121.0
2021-03-27 15:06:00,7.0,123.0
2021-03-27 15:12:00,7.0,123.0
2021-03-27 15:18:00,6.9,127.0
2021-03-27 15:24:00,7.2,124.0
2021-03-27 15:30:00,7.1,124.0
2021-03-27 15:36:00,7.4,124.0
2021-03-27 15:42:00,7.2,122.0
2021-03-27 15:48:00,7.1,124.0
2021-03-27 15:54:00,7.4,124.0
2021-03-27 16:00:00,7.4,121.0
2021-03-27 16:06:00,7.0,121.0
2021-03-27 16:12:00,7.4,120.0
2021-03-27 16:18:00,7.6,121.0
2021-03-27 16:24:00,7.8,120.0
2021-03-27 16:30:00,7.3,120.0
2021-03-27 16:36:00,7.9,121.0
2021-03-27 16:42:00,8.1,121.0
2021-03-27 16:48:00,7.9,119.0
2021-03-27 16:54:00,8.0,118.0
2021-03-27 17:00:00,7.0,118.0
2021-03-27 17:06:00,7.1,119.0
2021-03-27 17:12:00,7.3,119.0
2021-03-27 17:18:00,7.3,118.0
2021-03-27 17:24:00,7.7,118.0
2021-03-27 17:30:00,7.5,118.0
2021-03-27 17:36:00,7.4,119.0
2021-03-27 17:42:00,7.5,117.0
2021-03-27 17:48:00,7.0,118.0
2021-03-27 17:54:00,7.1,118.0
2021-03-27 18:00:00,6.9,118.0
2021-03-27 18:06:00,6.9,120.0
2021-03-27 18:12:00,6.8,121.0
2021-03-27 18:18:00,7.0,120.0
2021-03-27 18:24:00,7.2,121.0
2021-03-27 18:30:00,7.3,122.0
2021-03-27 18:36:00,7.1,123.0
2021-03-27 18:42:00,7.1,120.0
2021-03-27 18:48:00,6.9,122.0
2021-03-27 18:54:00,6.9,121.0
2021-03-27 19:00:00,7.2,123.0
2021-03-27 19:06:00,7.1,128.0
2021-03-27 19:12:00,7.4,129.0
2021-03-27 19:18:00,7.6,126.0
2021-03-27 19:24:00,7.5,127.0
2021-03-27 19:30:00,7.1,127.0
2021-03-27 19:36:00,7.2,126.0
2021-03-27 19:42:00,7.0,126.0
2021-03-27 19:48:00,6.7,126.0
2021-03-27 19:54:00,6.9,125.0
2021-03-27 20:00:00,7.2,125.0
2021-03-27 20:06:00,7.0,128.0
2021-03-27 20:12:00,7.2,131.0
2021-03-27 20:18:00,6.9,129.0
2021-03-27 20:24:00,6.8,129.0
2021-03-27 20:30:00,6.6,130.0
2021-03-27 20:36:00,6.7,128.0
2021-03-27 20:42:00,6.7,126.0
2021-03-27 20:48:00,6.6,127.0
2021-03-27 20:54:00,6.6,125.0
2021-03-27 21:00:00,6.5,126.0
2021-03-27 21:06:00,6.1,128.0
2021-03-27 21:12:00,5.9,130.0
2021-03-27 21:18:00,5.9,131.0
2021-03-27 21:24:00,6.0,128.0
2021-03-27 21:30:00,6.0,130.0
2021-03-27 21:36:00,6.1,134.0
2021-03-27 21:42:00,6.1,134.0
2021-03-27 21:48:00,5.5,136.0
2021-03-27 21:54:00,5.8,138.0
2021-03-27 22:00:00,6.0,139.0
2021-03-27 22:06:00,5.8,141.0
2021-03-27 22:12:00,5.5,143.0
2021-03-27 22:18:00,4.9,152.0
2021-03-27 22:24:00,4.8,148.0
2021-03-27 22:30:00,5.2,147.0
2021-03-27 22:36:00,5.2,149.0
2021-03-27 22:42:00,5.5,152.0
2021-03-27 22:48:00,5.2,157.0
2021-03-27 22:54:00,5.5,154.0
2021-03-27 23:00:00,5.5,154.0
2021-03-27 23:06:00,5.4,157.0
2021-03-27 23:12:00,5.3,155.0
2021-03-27 23:18:00,4.8,158.0
2021-03-27 23:24:00,4.4,151.0
2021-03-27 23:30:00,5.7,140.0
2021-03-27 23:36:00,6.7,136.0
2021-03-27 23:42:00,6.8,129.0
2021-03-27 23:48:00,6.3,128.0
2021-03-27 23:54:00,6.1,127.0
2021-03-28 00:00:00,6.7,126.0
2021-03-28 00:06:00,6.4,125.0
2021-03-28 00:12:00,6.4,125.0
2021-03-28 00:18:00,5.7,129.0
2021-03-28 00:24:00,5.6,134.0
2021-03-28 00:30:00,6.4,127.0
2021-03-28 00:36:00,7.2,122.0
2021-03-28 00:42:00,6.6,122.0
2021-03-28 00:48:00,6.7,122.0
2021-03-28 00:54:00,6.5,122.0
2021-03-28 01:00:00,5.5,119.0
2021-03-28 01:06:00,5.7,117.0
2021-03-28 01:12:00,6.9,117.0
2021-03-28 01:18:00,6.0,126.0
2021-03-28 01:24:00,6.0,116.0
2021-03-28 01:30:00,5.7,115.0
2021-03-28 01:36:00,4.9,120.0
2021-03-28 01:42:00,4.8,120.0
2021-03-28 01:48:00,4.8,122.0
2021-03-28 01:54:00,4.9,123.0
2021-03-28 02:00:00,5.0,122.0
2021-03-28 02:06:00,5.1,121.0
2021-03-28 02:12:00,5.1,118.0
2021-03-28 02:18:00,5.7,119.0
2021-03-28 02:24:00,6.2,119.0
2021-03-28 02:30:00,6.7,121.0
2021-03-28 02:36:00,6.3,119.0
2021-03-28 02:42:00,6.4,120.0
2021-03-28 02:48:00,7.1,124.0
2021-03-28 02:54:00,7.8,128.0
2021-03-28 03:00:00,7.3,130.0
2021-03-28 03:06:00,7.2,129.0
2021-03-28 03:12:00,7.7,127.0
2021-03-28 03:18:00,6.9,126.0
2021-03-28 03:24:00,7.1,125.0
2021-03-28 03:30:00,6.9,129.0
2021-03-28 03:36:00,7.6,131.0
2021-03-28 03:42:00,7.6,132.0
2021-03-28 03:48:00,8.4,135.0
2021-03-28 03:54:00,8.3,134.0
2021-03-28 04:00:00,8.1,135.0
2021-03-28 04:06:00,9.1,134.0
2021-03-28 04:12:00,8.3,135.0
2021-03-28 04:18:00,8.3,132.0
2021-03-28 04:24:00,7.0,133.0
2021-03-28 04:30:00,7.5,133.0
2021-03-28 04:36:00,7.0,133.0
2021-03-28 04:42:00,7.1,133.0
2021-03-28 04:48:00,7.1,132.0
2021-03-28 04:54:00,6.6,135.0
2021-03-28 05:00:00,6.5,133.0
2021-03-28 05:06:00,5.8,135.0
2021-03-28 05:12:00,5.8,134.0
2021-03-28 05:18:00,5.9,135.0
2021-03-28 05:24:00,6.2,132.0
2021-03-28 05:30:00,6.2,132.0
2021-03-28 05:36:00,6.0,128.0
2021-03-28 05:42:00,5.8,129.0
2021-03-28 05:48:00,6.7,130.0
2021-03-28 05:54:00,6.6,133.0
2021-03-28 06:00:00,6.6,133.0
2021-03-28 06:06:00,6.1,135.0
2021-03-28 06:12:00,5.9,133.0
2021-03-28 06:18:00,6.0,135.0
2021-03-28 06:24:00,5.9,137.0
2021-03-28 06:30:00,5.4,137.0
2021-03-28 06:36:00,5.5,138.0
2021-03-28 06:42:00,5.1,140.0
2021-03-28 06:48:00,5.2,140.0
2021-03-28 06:54:00,5.1,140.0
2021-03-28 07:00:00,4.7,143.0
2021-03-28 07:06:00,5.1,149.0
2021-03-28 07:12:00,4.8,154.0
2021-03-28 07:18:00,4.8,150.0
2021-03-28 07:24:00,4.7,153.0
2021-03-28 07:30:00,4.3,158.0
2021-03-28 07:36:00,4.2,157.0
2021-03-28 07:42:00,3.7,162.0
2021-03-28 07:48:00,3.5,168.0
2021-03-28 07:54:00,3.5,177.0
2021-03-28 08:00:00,3.3,180.0
2021-03-28 08:06:00,3.1,182.0
2021-03-28 08:12:00,2.8,185.0
2021-03-28 08:18:00,2.7,179.0
2021-03-28 08:24:00,2.8,176.0
2021-03-28 08:30:00,3.5,175.0
2021-03-28 08:36:00,3.7,179.0
2021-03-28 08:42:00,3.4,178.0
2021-03-28 08:48:00,3.0,179.0
2021-03-28 08:54:00,3.1,178.0
2021-03-28 09:00:00,2.6,183.0
2021-03-28 09:06:00,2.1,198.0
2021-03-28 09:12:00,2.2,211.0
2021-03-28 09:18:00,2.9,212.0
2021-03-28 09:24:00,3.2,206.0
2021-03-28 09:30:00,3.2,200.0
2021-03-28 09:36:00,3.4,194.0
2021-03-28 09:42:00,3.2,187.0
2021-03-28 09:48:00,3.2,175.0
2021-03-28 09:54:00,2.9,180.0
2021-03-28 10:00:00,2.2,223.0
2021-03-28 10:06:00,2.5,195.0
2021-03-28 10:12:00,2.4,192.0
2021-03-28 10:18:00,2.4,258.0
2021-03-28 10:24:00,2.4,252.0
2021-03-28 10:30:00,2.4,250.0
2021-03-28 10:36:00,1.9,256.0
2021-03-28 10:42:00,2.3,283.0
2021-03-28 10:48:00,2.5,280.0
2021-03-28 10:54:00,2.7,297.0
2021-03-28 11:00:00,2.5,279.0
2021-03-28 11:06:00,2.2,288.0
2021-03-28 11:12:00,1.7,294.0
2021-03-28 11:18:00,1.7,301.0
2021-03-28 11:24:00,0.9,313.0
2021-03-28 11:30:00,0.8,328.0
2021-03-28 11:36:00,1.2,313.0
2021-03-28 11:42:00,1.0,300.0
2021-03-28 11:48:00,0.8,304.0
2021-03-28 11:54:00,0.7,303.0
2021-03-28 12:00:00,0.7,297.0
2021-03-28 12:06:00,0.6,278.0
2021-03-28 12:12:00,0.8,264.0
2021-03-28 12:18:00,1.1,248.0
2021-03-28 12:24:00,1.3,246.0
2021-03-28 12:30:00,2.0,251.0
2021-03-28 12:36:00,1.5,248.0
2021-03-28 12:42:00,1.4,242.0
2021-03-28 12:48:00,1.5,234.0
2021-03-28 12:54:00,1.6,230.0
2021-03-28 13:00:00,2.0,223.0
2021-03-28 13:06:00,2.2,223.0
2021-03-28 13:12:00,2.4,229.0
2021-03-28 13:18:00,2.5,230.0
2021-03-28 13:24:00,2.0,205.0
2021-03-28 13:30:00,2.5,174.0
2021-03-28 13:36:00,2.7,174.0
2021-03-28 13:42:00,3.2,170.0
2021-03-28 13:48:00,1.9,207.0
2021-03-28 13:54:00,2.8,213.0
2021-03-28 14:00:00,1.7,224.0
2021-03-28 14:06:00,1.7,243.0
2021-03-28 14:12:00,2.2,230.0
2021-03-28 14:18:00,1.7,215.0
2021-03-28 14:24:00,1.4,209.0
2021-03-28 14:30:00,1.4,226.0
2021-03-28 14:36:00,1.4,203.0
2021-03-28 14:42:00,1.7,183.0
2021-03-28 14:48:00,1.7,206.0
2021-03-28 14:54:00,1.5,211.0
2021-03-28 15:00:00,1.7,208.0
2021-03-28 15:06:00,1.7,201.0
2021-03-28 15:12:00,1.7,190.0
2021-03-28 15:18:00,1.9,206.0
2021-03-28 15:24:00,1.8,204.0
2021-03-28 15:30:00,1.6,197.0
2021-03-28 15:36:00,1.9,211.0
2021-03-28 15:42:00,1.7,223.0
2021-03-28 15:48:00,1.6,233.0
2021-03-28 15:54:00,2.9,243.0
2021-03-28 16:00:00,2.9,248.0
2021-03-28 16:06:00,2.8,238.0
2021-03-28 16:12:00,3.2,239.0
2021-03-28 16:18:00,3.4,246.0
2021-03-28 16:24:00,3.8,245.0
2021-03-28 16:30:00,3.5,245.0
2021-03-28 16:36:00,3.5,243.0
2021-03-28 16:42:00,3.3,247.0
2021-03-28 16:48:00,3.0,247.0
2021-03-28 16:54:00,3.0,260.0
2021-03-28 17:00:00,3.5,264.0
2021-03-28 17:06:00,6.3,279.0
2021-03-28 17:12:00,9.5,311.0
2021-03-28 17:18:00,8.0,328.0
2021-03-28 17:24:00,6.5,322.0
2021-03-28 17:30:00,6.8,335.0
2021-03-28 17:36:00,6.3,333.0
2021-03-28 17:42:00,7.0,331.0
2021-03-28 17:48:00,6.6,334.0
2021-03-28 17:54:00,6.9,337.0
2021-03-28 18:00:00,6.4,334.0
2021-03-28 18:06:00,6.5,339.0
2021-03-28 18:12:00,6.5,342.0
2021-03-28 18:18:00,6.6,340.0
2021-03-28 18:24:00,7.2,331.0
2021-03-28 18:30:00,8.6,325.0
2021-03-28 18:36:00,9.0,329.0
2021-03-28 18:42:00,9.7,325.0
2021-03-28 18:48:00,8.6,327.0
2021-03-28 18:54:00,9.6,327.0
2021-03-28 19:00:00,9.2,334.0
2021-03-28 19:06:00,8.4,335.0
2021-03-28 19:12:00,9.0,331.0
2021-03-28 19:18:00,9.9,326.0
2021-03-28 19:24:00,8.7,325.0
2021-03-28 19:30:00,10.1,325.0
2021-03-28 19:36:00,9.7,325.0
2021-03-28 19:42:00,8.6,329.0
2021-03-28 19:48:00,8.3,329.0
2021-03-28 19:54:00,9.1,326.0
2021-03-28 20:00:00,10.3,326.0
2021-03-28 20:06:00,10.3,330.0
2021-03-28 20:12:00,10.0,331.0
2021-03-28 20:18:00,9.8,321.0
2021-03-28 20:24:00,11.3,320.0
2021-03-28 20:30:00,11.3,324.0
2021-03-28 20:36:00,10.5,326.0
2021-03-28 20:42:00,9.2,328.0
2021-03-28 20:48:00,8.2,313.0
2021-03-28 20:54:00,9.6,325.0
2021-03-28 21:00:00,9.1,322.0
2021-03-28 21:06:00,9.2,324.0
2021-03-28 21:12:00,9.4,330.0
2021-03-28 21:18:00,7.9,339.0
2021-03-28 21:24:00,7.4,350.0
2021-03-28 21:30:00,9.1,330.0
2021-03-28 21:36:00,8.7,334.0
2021-03-28 21:42:00,8.9,333.0
2021-03-28 21:48:00,9.3,328.0
2021-03-28 21:54:00,8.0,328.0
2021-03-28 22:00:00,7.6,335.0
2021-03-28 22:06:00,8.0,339.0
2021-03-28 22:12:00,8.6,337.0
2021-03-28 22:18:00,7.6,336.0
2021-03-28 22:24:00,7.6,336.0
2021-03-28 22:30:00,8.0,337.0
2021-03-28 22:36:00,7.8,333.0
2021-03-28 22:42:00,7.5,332.0
2021-03-28 22:48:00,8.0,336.0
2021-03-28 22:54:00,8.2,351.0
2021-03-28 23:00:00,7.8,350.0
2021-03-28 23:06:00,7.5,350.0
2021-03-28 23:12:00,8.0,347.0
2021-03-28 23:18:00,8.1,344.0
2021-03-28 23:24:00,7.5,339.0
2021-03-28 23:30:00,7.5,333.0
2021-03-28 23:36:00,7.6,338.0
2021-03-28 23:42:00,7.1,340.0
2021-03-28 23:48:00,6.9,345.0
2021-03-28 23:54:00,6.4,347.0
2021-03-29 00:00:00,5.8,337.0
2021-03-29 00:06:00,6.3,337.0
2021-03-29 00:12:00,6.2,336.0
2021-03-29 00:18:00,5.9,340.0
2021-03-29 00:24:00,5.6,334.0
2021-03-29 00:30:00,7.1,323.0
2021-03-29 00:36:00,8.3,329.0
2021-03-29 00:42:00,7.3,334.0
2021-03-29 00:48:00,7.2,333.0
2021-03-29 00:54:00,6.2,339.0
2021-03-29 01:00:00,7.3,335.0
2021-03-29 01:06:00,6.0,338.0
2021-03-29 01:12:00,8.2,346.0
2021-03-29 01:18:00,8.5,347.0
2021-03-29 01:24:00,8.9,336.0
2021-03-29 01:30:00,8.7,340.0
2021-03-29 01:36:00,8.0,348.0
2021-03-29 01:42:00,8.3,346.0
2021-03-29 01:48:00,9.1,342.0
2021-03-29 01:54:00,7.7,349.0
2021-03-29 02:00:00,7.9,0.0
2021-03-29 02:06:00,7.8,2.0
2021-03-29 02:12:00,6.9,15.0
2021-03-29 02:18:00,6.7,6.0
2021-03-29 02:24:00,6.5,341.0
2021-03-29 02:30:00,7.1,323.0
2021-03-29 02:36:00,7.0,340.0
2021-03-29 02:42:00,8.4,349.0
2021-03-29 02:48:00,8.6,337.0
2021-03-29 02:54:00,8.3,336.0
2021-03-29 03:00:00,8.9,336.0
2021-03-29 03:06:00,8.8,327.0
2021-03-29 03:12:00,8.3,329.0
2021-03-29 03:18:00,9.4,339.0
2021-03-29 03:24:00,9.4,335.0
2021-03-29 03:30:00,9.2,344.0
2021-03-29 03:36:00,8.9,356.0
2021-03-29 03:42:00,8.9,3.0
2021-03-29 03:48:00,8.7,4.0
2021-03-29 03:54:00,9.1,351.0
2021-03-29 04:00:00,8.8,359.0
2021-03-29 04:06:00,8.6,350.0
2021-03-29 04:12:00,9.6,356.0
2021-03-29 04:18:00,9.4,339.0
2021-03-29 04:24:00,9.8,337.0
2021-03-29 04:30:00,9.7,344.0
2021-03-29 04:36:00,9.8,344.0
2021-03-29 04:42:00,9.5,337.0
2021-03-29 04:48:00,8.6,335.0
2021-03-29 04:54:00,8.8,336.0
2021-03-29 05:00:00,10.3,340.0
2021-03-29 05:06:00,10.3,343.0
2021-03-29 05:12:00,8.9,348.0
2021-03-29 05:18:00,9.8,350.0
2021-03-29 05:24:00,8.6,349.0
2021-03-29 05:30:00,7.5,350.0
2021-03-29 05:36:00,7.6,348.0
2021-03-29 05:42:00,7.9,346.0
2021-03-29 05:48:00,8.3,347.0
2021-03-29 05:54:00,7.8,353.0
2021-03-29 06:00:00,7.8,356.0
2021-03-29 06:06:00,9.1,358.0
2021-03-29 06:12:00,8.2,354.0
2021-03-29 06:18:00,8.4,357.0
2021-03-29 06:24:00,7.1,360.0
2021-03-29 06:30:00,7.6,358.0
2021-03-29 06:36:00,8.0,358.0
2021-03-29 06:42:00,8.5,2.0
2021-03-29 06:48:00,9.1,359.0
2021-03-29 06:54:00,9.6,357.0
2021-03-29 07:00:00,8.7,360.0
2021-03-29 07:06:00,9.0,358.0
2021-03-29 07:12:00,8.8,359.0
2021-03-29 07:18:00,9.1,359.0
2021-03-29 07:24:00,9.0,357.0
2021-03-29 07:30:00,8.3,357.0
2021-03-29 07:36:00,8.6,357.0
2021-03-29 07:42:00,8.5,356.0
2021-03-29 07:48:00,8.1,357.0
2021-03-29 07:54:00,8.8,359.0
2021-03-29 08:00:00,8.3,358.0
2021-03-29 08:06:00,7.9,3.0
2021-03-29 08:12:00,8.0,5.0
2021-03-29 08:18:00,8.6,4.0
2021-03-29 08:24:00,8.2,5.0
2021-03-29 08:30:00,7.4,2.0
2021-03-29 08:36:00,7.6,358.0
2021-03-29 08:42:00,8.1,356.0
2021-03-29 08:48:00,8.4,359.0
2021-03-29 08:54:00,8.7,359.0
2021-03-29 09:00:00,9.6,358.0
2021-03-29 09:06:00,8.6,357.0
2021-03-29 09:12:00,9.2,1.0
2021-03-29 09:18:00,9.0,5.0
2021-03-29 09:24:00,8.5,3.0
2021-03-29 09:30:00,8.3,4.0
2021-03-29 09:36:00,8.8,6.0
2021-03-29 09:42:00,8.4,7.0
2021-03-29 09:48:00,8.3,4.0
2021-03-29 09:54:00,8.8,4.0
2021-03-29 10:00:00,8.1,3.0
2021-03-29 10:06:00,8.5,2.0
2021-03-29 10:12:00,8.7,3.0
2021-03-29 10:18:00,9.3,1.0
2021-03-29 10:24:00,8.8,1.0
2021-03-29 10:30:00,8.7,4.0
2021-03-29 10:36:00,8.3,2.0
2021-03-29 10:42:00,8.3,4.0
2021-03-29 10:48:00,7.4,6.0
2021-03-29 10:54:00,6.7,10.0
2021-03-29 11:00:00,7.4,6.0
2021-03-29 11:06:00,7.2,9.0
2021-03-29 11:12:00,6.3,14.0
2021-03-29 11:18:00,6.5,10.0
2021-03-29 11:24:00,7.4,10.0
2021-03-29 11:30:00,7.5,10.0
2021-03-29 11:36:00,7.1,9.0
2021-03-29 11:42:00,6.8,9.0
2021-03-29 11:48:00,7.3,10.0
2021-03-29 11:54:00,6.6,10.0
2021-03-29 12:00:00,6.5,9.0
2021-03-29 12:06:00,6.3,8.0
2021-03-29 12:12:00,6.8,10.0
2021-03-29 12:18:00,7.4,11.0
2021-03-29 12:24:00,6.7,9.0
2021-03-29 12:30:00,6.8,7.0
2021-03-29 12:36:00,7.1,8.0
2021-03-29 12:42:00,6.6,9.0
2021-03-29 12:48:00,7.3,14.0
2021-03-29 12:54:00,7.0,10.0
2021-03-29 13:00:00,6.8,9.0
2021-03-29 13:06:00,6.8,13.0
2021-03-29 13:12:00,6.5,11.0
2021-03-29 13:18:00,6.6,14.0
2021-03-29 13:24:00,6.8,15.0
2021-03-29 13:30:00,7.2,14.0
2021-03-29 13:36:00,7.1,17.0
2021-03-29 13:42:00,6.7,10.0
2021-03-29 13:48:00,6.6,17.0
2021-03-29 13:54:00,6.4,26.0
2021-03-29 14:00:00,5.5,24.0
2021-03-29 14:06:00,6.4,21.0
2021-03-29 14:12:00,6.1,25.0
2021-03-29 14:18:00,7.4,29.0
2021-03-29 14:24:00,7.5,30.0
2021-03-29 14:30:00,8.0,27.0
2021-03-29 14:36:00,7.8,30.0
2021-03-29 14:42:00,7.3,31.0
2021-03-29 14:48:00,7.2,30.0
2021-03-29 14:54:00,7.6,31.0
2021-03-29 15:00:00,7.6,27.0
2021-03-29 15:06:00,8.1,22.0
2021-03-29 15:12:00,7.6,29.0
2021-03-29 15:18:00,6.7,30.0
2021-03-29 15:24:00,7.4,35.0
2021-03-29 15:30:00,7.2,40.0
2021-03-29 15:36:00,6.8,35.0
2021-03-29 15:42:00,7.2,37.0
2021-03-29 15:48:00,5.9,35.0
2021-03-29 15:54:00,7.3,37.0
2021-03-29 16:00:00,6.8,36.0
2021-03-29 16:06:00,5.7,38.0
2021-03-29 16:12:00,6.5,38.0
2021-03-29 16:18:00,5.8,32.0
2021-03-29 16:24:00,6.0,39.0
2021-03-29 16:30:00,5.6,37.0
2021-03-29 16:36:00,6.1,45.0
2021-03-29 16:42:00,6.2,38.0
2021-03-29 16:48:00,4.9,40.0
2021-03-29 16:54:00,5.4,47.0
2021-03-29 17:00:00,4.6,39.0
2021-03-29 17:06:00,4.8,28.0
2021-03-29 17:12:00,4.5,32.0
2021-03-29 17:18:00,4.3,34.0
2021-03-29 17:24:00,4.7,33.0
2021-03-29 17:30:00,3.9,26.0
2021-03-29 17:36:00,3.8,29.0
2021-03-29 17:42:00,3.4,35.0
2021-03-29 17:48:00,3.2,32.0
2021-03-29 17:54:00,4.0,22.0
2021-03-29 18:00:00,3.4,36.0
2021-03-29 18:06:00,3.2,51.0
2021-03-29 18:12:00,3.3,45.0
2021-03-29 18:18:00,3.1,48.0
2021-03-29 18:24:00,4.3,60.0
2021-03-29 18:30:00,3.5,55.0
2021-03-29 18:36:00,4.3,57.0
2021-03-29 18:42:00,4.1,56.0
2021-03-29 18:48:00,3.6,46.0
2021-03-29 18:54:00,3.9,43.0
2021-03-29 19:00:00,3.7,62.0
2021-03-29 19:06:00,3.9,57.0
2021-03-29 19:12:00,3.7,61.0
2021-03-29 19:18:00,3.7,64.0
2021-03-29 19:24:00,4.2,59.0
2021-03-29 19:30:00,4.2,47.0
2021-03-29 19:36:00,4.4,39.0
2021-03-29 19:42:00,4.5,28.0
2021-03-29 19:48:00,4.6,35.0
2021-03-29 19:54:00,3.7,41.0
2021-03-29 20:00:00,3.8,53.0
2021-03-29 20:06:00,3.9,60.0
2021-03-29 20:12:00,3.6,59.0
2021-03-29 20:18:00,3.7,70.0
2021-03-29 20:24:00,3.1,58.0
2021-03-29 20:30:00,3.5,60.0
2021-03-29 20:36:00,3.1,48.0
2021-03-29 20:42:00,3.5,49.0
2021-03-29 20:48:00,3.2,46.0
2021-03-29 20:54:00,3.4,38.0
2021-03-29 21:00:00,3.5,33.0
2021-03-29 21:06:00,3.6,41.0
2021-03-29 21:12:00,3.2,41.0
2021-03-29 21:18:00,3.9,44.0
2021-03-29 21:24:00,3.5,46.0
2021-03-29 21:30:00,3.3,34.0
2021-03-29 21:36:00,3.3,29.0
2021-03-29 21:42:00,3.4,23.0
2021-03-29 21:48:00,3.2,35.0
2021-03-29 21:54:00,2.7,32.0
2021-03-29 22:00:00,2.5,40.0
2021-03-29 22:06:00,2.2,60.0
2021-03-29 22:12:00,2.2,85.0
2021-03-29 22:18:00,2.7,89.0
2021-03-29 22:24:00,3.4,75.0
2021-03-29 22:30:00,3.8,70.0
2021-03-29 22:36:00,3.8,82.0
2021-03-29 22:42:00,3.3,90.0
2021-03-29 22:48:00,4.6,87.0
2021-03-29 22:54:00,4.0,87.0
2021-03-29 23:00:00,5.0,89.0
2021-03-29 23:06:00,5.4,91.0
2021-03-29 23:12:00,5.1,90.0
2021-03-29 23:18:00,4.8,79.0
2021-03-29 23:24:00,5.1,68.0
2021-03-29 23:30:00,5.1,80.0
2021-03-29 23:36:00,4.8,83.0
2021-03-29 23:42:00,5.2,78.0
2021-03-29 23:48:00,4.8,74.0
2021-03-29 23:54:00,4.8,77.0
2021-03-30 00:00:00,4.7,79.0
2021-03-30 00:06:00,4.8,81.0
2021-03-30 00:12:00,5.0,84.0
2021-03-30 00:18:00,5.6,83.0
2021-03-30 00:24:00,5.9,86.0
2021-03-30 00:30:00,6.3,86.0
2021-03-30 00:36:00,6.0,85.0
2021-03-30 00:42:00,5.8,85.0
2021-03-30 00:48:00,6.0,84.0
2021-03-30 00:54:00,5.8,86.0
2021-03-30 01:00:00,6.2,86.0
2021-03-30 01:06:00,5.9,84.0
2021-03-30 01:12:00,5.9,83.0
2021-03-30 01:18:00,5.7,81.0
2021-03-30 01:24:00,5.3,79.0
2021-03-30 01:30:00,5.1,82.0
2021-03-30 01:36:00,5.0,80.0
2021-03-30 01:42:00,5.0,79.0
2021-03-30 01:48:00,5.3,83.0
2021-03-30 01:54:00,5.1,82.0
2021-03-30 02:00:00,5.5,86.0
2021-03-30 02:06:00,5.7,86.0
2021-03-30 02:12:00,5.1,79.0
2021-03-30 02:18:00,4.9,76.0
2021-03-30 02:24:00,5.1,80.0
2021-03-30 02:30:00,5.2,80.0
2021-03-30 02:36:00,5.0,73.0
2021-03-30 02:42:00,4.9,76.0
2021-03-30 02:48:00,5.6,76.0
2021-03-30 02:54:00,5.5,69.0
2021-03-30 03:00:00,5.2,70.0
2021-03-30 03:06:00,5.5,77.0
2021-03-30 03:12:00,5.5,76.0
2021-03-30 03:18:00,5.6,73.0
2021-03-30 03:24:00,5.7,75.0
2021-03-30 03:30:00,5.8,73.0
2021-03-30 03:36:00,5.9,75.0
2021-03-30 03:42:00,5.7,81.0
2021-03-30 03:48:00,5.6,81.0
2021-03-30 03:54:00,5.5,83.0
2021-03-30 04:00:00,4.8,82.0
2021-03-30 04:06:00,4.6,72.0
2021-03-30 04:12:00,5.0,70.0
2021-03-30 04:18:00,4.0,70.0
2021-03-30 04:24:00,5.0,73.0
2021-03-30 04:30:00,4.7,72.0
2021-03-30 04:36:00,5.1,74.0
2021-03-30 04:42:00,5.3,68.0
2021-03-30 04:48:00,4.4,67.0
2021-03-30 04:54:00,5.3,66.0
2021-03-30 05:00:00,5.8,69.0
2021-03-30 05:06:00,6.3,75.0
2021-03-30 05:12:00,6.3,75.0
2021-03-30 05:18:00,6.5,75.0
2021-03-30 05:24:00,6.2,79.0
2021-03-30 05:30:00,6.2,82.0
2021-03-30 05:36:00,6.2,84.0
2021-03-30 05:42:00,5.8,82.0
2021-03-30 05:48:00,5.7,81.0
2021-03-30 05:54:00,5.9,82.0
2021-03-30 06:00:00,5.3,74.0
2021-03-30 06:06:00,4.4,73.0
2021-03-30 06:12:00,3.9,65.0
2021-03-30 06:18:00,3.9,60.0
2021-03-30 06:24:00,3.9,61.0
2021-03-30 06:30:00,4.6,65.0
2021-03-30 06:36:00,4.6,67.0
2021-03-30 06:42:00,4.2,62.0
2021-03-30 06:48:00,4.6,61.0
2021-03-30 06:54:00,4.7,66.0
2021-03-30 07:00:00,4.9,71.0
2021-03-30 07:06:00,4.5,73.0
2021-03-30 07:12:00,4.8,76.0
2021-03-30 07:18:00,4.5,78.0
2021-03-30 07:24:00,3.8,75.0
2021-03-30 07:30:00,3.5,75.0
2021-03-30 07:36:00,3.8,76.0
2021-03-30 07:42:00,3.5,70.0
2021-03-30 07:48:00,3.1,70.0
2021-03-30 07:54:00,3.8,70.0
2021-03-30 08:00:00,4.2,67.0
2021-03-30 08:06:00,4.0,71.0
2021-03-30 08:12:00,3.7,72.0
2021-03-30 08:18:00,4.5,72.0
2021-03-30 08:24:00,4.8,72.0
2021-03-30 08:30:00,5.3,82.0
2021-03-30 08:36:00,6.9,86.0
2021-03-30 08:42:00,8.0,90.0
2021-03-30 08:48:00,8.5,88.0
2021-03-30 08:54:00,7.8,87.0
2021-03-30 09:00:00,7.6,85.0
2021-03-30 09:06:00,6.4,85.0
2021-03-30 09:12:00,5.9,86.0
2021-03-30 09:18:00,5.7,86.0
2021-03-30 09:24:00,5.8,88.0
2021-03-30 09:30:00,5.5,89.0
2021-03-30 09:36:00,5.7,88.0
2021-03-30 09:42:00,5.5,89.0
2021-03-30 09:48:00,5.5,88.0
2021-03-30 09:54:00,5.5,90.0
2021-03-30 10:00:00,5.4,86.0
2021-03-30 10:06:00,5.2,88.0
2021-03-30 10:12:00,5.1,85.0
2021-03-30 10:18:00,5.1,84.0
2021-03-30 10:24:00,5.3,89.0
2021-03-30 10:30:00,4.9,86.0
2021-03-30 10:36:00,5.0,86.0
2021-03-30 10:42:00,5.1,85.0
2021-03-30 10:48:00,4.9,79.0
2021-03-30 10:54:00,4.8,80.0
2021-03-30 11:00:00,4.8,81.0
2021-03-30 11:06:00,4.6,85.0
2021-03-30 11:12:00,5.2,85.0
2021-03-30 11:18:00,5.4,85.0
2021-03-30 11:24:00,5.0,91.0
2021-03-30 11:30:00,5.5,92.0
2021-03-30 11:36:00,4.7,90.0
2021-03-30 11:42:00,4.6,92.0
2021-03-30 11:48:00,4.6,91.0
2021-03-30 11:54:00,4.9,86.0
2021-03-30 12:00:00,4.8,80.0
2021-03-30 12:06:00,4.8,77.0
2021-03-30 12:12:00,4.7,77.0
2021-03-30 12:18:00,4.0,78.0
2021-03-30 12:24:00,4.2,70.0
2021-03-30 12:30:00,4.8,69.0
2021-03-30 12:36:00,4.9,72.0
2021-03-30 12:42:00,4.6,77.0
2021-03-30 12:48:00,4.2,78.0
2021-03-30 12:54:00,3.6,80.0
2021-03-30 13:00:00,4.3,82.0
2021-03-30 13:06:00,4.5,82.0
2021-03-30 13:12:00,4.5,79.0
2021-03-30 13:18:00,4.4,72.0
2021-03-30 13:24:00,5.1,68.0
2021-03-30 13:30:00,5.0,68.0
2021-03-30 13:36:00,4.0,68.0
2021-03-30 13:42:00,5.0,68.0
2021-03-30 13:48:00,4.6,67.0
2021-03-30 13:54:00,4.3,68.0
2021-03-30 14:00:00,3.9,64.0
2021-03-30 14:06:00,3.0,63.0
2021-03-30 14:12:00,3.5,76.0
2021-03-30 14:18:00,3.9,74.0
2021-03-30 14:24:00,3.5,78.0
2021-03-30 14:30:00,3.5,85.0
2021-03-30 14:36:00,4.5,82.0
2021-03-30 14:42:00,4.3,84.0
2021-03-30 14:48:00,4.4,85.0
2021-03-30 14:54:00,4.3,90.0
2021-03-30 15:00:00,4.6,90.0
2021-03-30 15:06:00,4.9,90.0
2021-03-30 15:12:00,4.4,86.0
2021-03-30 15:18:00,4.3,88.0
2021-03-30 15:24:00,4.0,90.0
2021-03-30 15:30:00,3.6,91.0
2021-03-30 15:36:00,4.1,89.0
2021-03-30 15:42:00,4.3,98.0
2021-03-30 15:48:00,4.5,98.0
2021-03-30 15:54:00,4.5,99.0
2021-03-30 16:00:00,4.8,100.0
2021-03-30 16:06:00,4.9,107.0
2021-03-30 16:12:00,5.7,110.0
2021-03-30 16:18:00,5.9,110.0
2021-03-30 16:24:00,5.7,111.0
2021-03-30 16:30:00,5.6,112.0
2021-03-30 16:36:00,5.3,113.0
2021-03-30 16:42:00,5.5,112.0
2021-03-30 16:48:00,5.2,108.0
2021-03-30 16:54:00,5.4,108.0
2021-03-30 17:00:00,5.4,109.0
2021-03-30 17:06:00,5.3,110.0
2021-03-30 17:12:00,5.3,106.0
2021-03-30 17:18:00,5.4,108.0
2021-03-30 17:24:00,5.3,107.0
2021-03-30 17:30:00,5.6,108.0
2021-03-30 17:36:00,5.5,109.0
2021-03-30 17:42:00,5.4,108.0
2021-03-30 17:48:00,5.6,110.0
2021-03-30 17:54:00,5.8,113.0
2021-03-30 18:00:00,5.1,114.0
2021-03-30 18:06:00,5.1,116.0
2021-03-30 18:12:00,4.7,118.0
2021-03-30 18:18:00,4.5,115.0
2021-03-30 18:24:00,4.4,118.0
2021-03-30 18:30:00,4.2,121.0
2021-03-30 18:36:00,4.1,125.0
2021-03-30 18:42:00,4.2,125.0
2021-03-30 18:48:00,4.2,123.0
2021-03-30 18:54:00,4.4,120.0
2021-03-30 19:00:00,4.2,122.0
2021-03-30 19:06:00,3.8,120.0
2021-03-30 19:12:00,3.9,119.0
2021-03-30 19:18:00,3.9,124.0
2021-03-30 19:24:00,3.6,125.0
2021-03-30 19:30:00,4.0,126.0
2021-03-30 19:36:00,4.9,124.0
2021-03-30 19:42:00,5.4,120.0
2021-03-30 19:48:00,5.5,125.0
2021-03-30 19:54:00,5.4,123.0
2021-03-30 20:00:00,5.5,124.0
2021-03-30 20:06:00,5.4,124.0
2021-03-30 20:12:00,5.2,124.0
2021-03-30 20:18:00,5.2,124.0
2021-03-30 20:24:00,5.5,129.0
2021-03-30 20:30:00,5.3,126.0
2021-03-30 20:36:00,5.2,122.0
2021-03-30 20:42:00,4.9,122.0
2021-03-30 20:48:00,4.9,126.0
2021-03-30 20:54:00,5.1,127.0
2021-03-30 21:00:00,5.1,125.0
2021-03-30 21:06:00,5.0,123.0
2021-03-30 21:12:00,4.9,127.0
2021-03-30 21:18:00,4.7,126.0
2021-03-30 21:24:00,4.5,122.0
2021-03-30 21:30:00,4.7,125.0
2021-03-30 21:36:00,4.6,126.0
2021-03-30 21:42:00,4.7,124.0
2021-03-30 21:48:00,4.8,123.0
2021-03-30 21:54:00,5.1,123.0
2021-03-30 22:00:00,5.6,123.0
2021-03-30 22:06:00,5.9,123.0
2021-03-30 22:12:00,5.8,124.0
2021-03-30 22:18:00,5.7,123.0
2021-03-30 22:24:00,5.5,124.0
2021-03-30 22:30:00,5.4,122.0
2021-03-30 22:36:00,5.2,121.0
2021-03-30 22:42:00,5.4,121.0
2021-03-30 22:48:00,5.4,122.0
2021-03-30 22:54:00,5.2,124.0
2021-03-30 23:00:00,5.0,127.0
2021-03-30 23:06:00,4.9,128.0
2021-03-30 23:12:00,4.6,128.0
2021-03-30 23:18:00,4.3,127.0
2021-03-30 23:24:00,4.3,133.0
2021-03-30 23:30:00,4.2,132.0
2021-03-30 23:36:00,4.3,129.0
2021-03-30 23:42:00,3.9,129.0
2021-03-30 23:48:00,3.6,135.0
2021-03-30 23:54:00,3.4,133.0
2021-03-31 00:00:00,3.3,135.0
2021-03-31 00:06:00,2.9,130.0
2021-03-31 00:12:00,2.7,127.0
2021-03-31 00:18:00,2.5,129.0
2021-03-31 00:24:00,2.6,121.0
2021-03-31 00:30:00,2.6,116.0
2021-03-31 00:36:00,2.9,111.0
2021-03-31 00:42:00,3.1,106.0
2021-03-31 00:48:00,3.1,110.0
2021-03-31 00:54:00,3.3,103.0
2021-03-31 01:00:00,3.5,104.0
2021-03-31 01:06:00,3.6,106.0
2021-03-31 01:12:00,4.0,108.0
2021-03-31 01:18:00,3.7,112.0
2021-03-31 01:24:00,3.8,106.0
2021-03-31 01:30:00,3.7,112.0
2021-03-31 01:36:00,4.0,108.0
2021-03-31 01:42:00,3.9,111.0
2021-03-31 01:48:00,3.6,112.0
2021-03-31 01:54:00,3.8,110.0
2021-03-31 02:00:00,4.1,106.0
2021-03-31 02:06:00,3.9,105.0
2021-03-31 02:12:00,4.1,103.0
2021-03-31 02:18:00,4.1,101.0
2021-03-31 02:24:00,4.3,101.0
2021-03-31 02:30:00,4.6,100.0
2021-03-31 02:36:00,4.6,100.0
2021-03-31 02:42:00,4.3,98.0
2021-03-31 02:48:00,4.7,100.0
2021-03-31 02:54:00,4.6,104.0
2021-03-31 03:00:00,5.0,104.0
2021-03-31 03:06:00,5.5,104.0
2021-03-31 03:12:00,5.6,108.0
2021-03-31 03:18:00,5.8,109.0
2021-03-31 03:24:00,5.3,110.0
2021-03-31 03:30:00,5.0,106.0
2021-03-31 03:36:00,4.9,109.0
2021-03-31 03:42:00,5.3,107.0
2021-03-31 03:48:00,5.6,107.0
2021-03-31 03:54:00,5.8,108.0
2021-03-31 04:00:00,5.6,111.0
2021-03-31 04:06:00,5.7,111.0
2021-03-31 04:12:00,5.6,113.0
2021-03-31 04:18:00,5.8,115.0
2021-03-31 04:24:00,6.2,117.0
2021-03-31 04:30:00,5.6,120.0
2021-03-31 04:36:00,5.4,118.0
2021-03-31 04:42:00,5.4,121.0
2021-03-31 04:48:00,5.2,119.0
2021-03-31 04:54:00,5.3,116.0
2021-03-31 05:00:00,5.3,118.0
2021-03-31 05:06:00,5.3,118.0
2021-03-31 05:12:00,5.3,116.0
2021-03-31 05:18:00,5.3,117.0
2021-03-31 05:24:00,5.3,117.0
2021-03-31 05:30:00,5.1,117.0
2021-03-31 05:36:00,4.9,115.0
2021-03-31 05:42:00,5.1,114.0
2021-03-31 05:48:00,5.4,112.0
2021-03-31 05:54:00,5.2,111.0
2021-03-31 06:00:00,5.3,113.0
2021-03-31 06:06:00,5.3,113.0
2021-03-31 06:12:00,5.5,108.0
2021-03-31 06:18:00,5.4,108.0
2021-03-31 06:24:00,5.2,109.0
2021-03-31 06:30:00,5.2,109.0
2021-03-31 06:36:00,5.2,110.0
2021-03-31 06:42:00,5.0,110.0
2021-03-31 06:48:00,4.9,110.0
2021-03-31 06:54:00,4.7,111.0
2021-03-31 07:00:00,4.9,109.0
2021-03-31 07:06:00,4.8,111.0
2021-03-31 07:12:00,4.7,112.0
2021-03-31 07:18:00,4.7,110.0
2021-03-31 07:24:00,4.7,110.0
2021-03-31 07:30:00,4.6,114.0
2021-03-31 07:36:00,4.4,116.0
2021-03-31 07:42:00,4.2,116.0
2021-03-31 07:48:00,4.3,114.0
2021-03-31 07:54:00,4.1,116.0
2021-03-31 08:00:00,3.9,121.0
2021-03-31 08:06:00,3.5,126.0
2021-03-31 08:12:00,3.0,127.0
2021-03-31 08:18:00,2.7,128.0
2021-03-31 08:24:00,2.4,135.0
2021-03-31 08:30:00,2.5,125.0
2021-03-31 08:36:00,2.7,130.0
2021-03-31 08:42:00,2.8,130.0
2021-03-31 08:48:00,2.5,128.0
2021-03-31 08:54:00,2.3,129.0
2021-03-31 09:00:00,2.1,127.0
2021-03-31 09:06:00,2.0,126.0
2021-03-31 09:12:00,2.4,119.0
2021-03-31 09:18:00,2.4,115.0
2021-03-31 09:24:00,1.9,104.0
2021-03-31 09:30:00,2.1,96.0
2021-03-31 09:36:00,2.7,97.0
2021-03-31 09:42:00,3.1,108.0
2021-03-31 09:48:00,2.9,109.0
2021-03-31 09:54:00,3.1,104.0
2021-03-31 10:00:00,2.7,104.0
2021-03-31 10:06:00,2.3,122.0
2021-03-31 10:12:00,1.8,107.0
2021-03-31 10:18:00,1.9,117.0
2021-03-31 10:24:00,1.8,114.0
2021-03-31 10:30:00,2.3,113.0
2021-03-31 10:36:00,2.2,112.0
2021-03-31 10:42:00,2.5,117.0
2021-03-31 10:48:00,3.2,117.0
2021-03-31 10:54:00,3.2,116.0
2021-03-31 11:00:00,3.4,119.0
2021-03-31 11:06:00,2.7,124.0
2021-03-31 11:12:00,1.9,125.0
2021-03-31 11:18:00,1.4,115.0
2021-03-31 11:24:00,2.1,110.0
2021-03-31 11:30:00,2.6,113.0
2021-03-31 11:36:00,2.6,113.0
2021-03-31 11:42:00,2.7,108.0
2021-03-31 11:48:00,2.9,105.0
2021-03-31 11:54:00,3.6,108.0
2021-03-31 12:00:00,3.7,108.0
2021-03-31 12:06:00,2.9,102.0
2021-03-31 12:12:00,2.3,104.0
2021-03-31 12:18:00,2.6,106.0
2021-03-31 12:24:00,2.5,108.0
2021-03-31 12:30:00,2.3,105.0
2021-03-31 12:36:00,2.1,103.0
2021-03-31 12:42:00,2.9,115.0
2021-03-31 12:48:00,3.1,113.0
2021-03-31 12:54:00,3.6,112.0
2021-03-31 13:00:00,3.1,110.0
2021-03-31 13:06:00,2.7,102.0
2021-03-31 13:12:00,2.5,103.0
2021-03-31 13:18:00,2.3,101.0
2021-03-31 13:24:00,2.1,102.0
2021-03-31 13:30:00,2.3,104.0
2021-03-31 13:36:00,1.9,101.0
2021-03-31 13:42:00,1.3,94.0
2021-03-31 13:48:00,1.1,86.0
2021-03-31 13:54:00,0.6,87.0
2021-03-31 14:00:00,0.4,84.0
2021-03-31 14:06:00,0.5,61.0
2021-03-31 14:12:00,1.1,70.0
2021-03-31 14:18:00,1.1,87.0
2021-03-31 14:24:00,0.6,87.0
2021-03-31 14:30:00,0.8,82.0
2021-03-31 14:36:00,1.1,85.0
2021-03-31 14:42:00,1.3,91.0
2021-03-31 14:48:00,1.1,105.0
2021-03-31 14:54:00,1.3,102.0
2021-03-31 15:00:00,1.2,95.0
2021-03-31 15:06:00,1.0,97.0
2021-03-31 15:12:00,1.3,94.0
2021-03-31 15:18:00,1.9,100.0
2021-03-31 15:24:00,2.0,95.0
2021-03-31 15:30:00,1.7,109.0
2021-03-31 15:36:00,1.6,118.0
2021-03-31 15:42:00,1.3,123.0
2021-03-31 15:48:00,1.0,138.0
2021-03-31 15:54:00,0.5,147.0
2021-03-31 16:00:00,0.3,207.0
2021-03-31 16:06:00,0.4,206.0
2021-03-31 16:12:00,0.8,198.0
2021-03-31 16:18:00,0.8,211.0
2021-03-31 16:24:00,0.8,177.0
2021-03-31 16:30:00,1.7,165.0
2021-03-31 16:36:00,2.1,162.0
2021-03-31 16:42:00,2.2,160.0
2021-03-31 16:48:00,2.7,154.0
2021-03-31 16:54:00,2.7,156.0
2021-03-31 17:00:00,2.8,162.0
2021-03-31 17:06:00,2.8,152.0
2021-03-31 17:12:00,3.0,167.0
2021-03-31 17:18:00,3.3,165.0
2021-03-31 17:24:00,3.1,167.0
2021-03-31 17:30:00,3.1,164.0
2021-03-31 17:36:00,3.0,164.0
2021-03-31 17:42:00,3.0,169.0
2021-03-31 17:48:00,3.1,171.0
2021-03-31 17:54:00,2.9,171.0
2021-03-31 18:00:00,2.8,181.0
2021-03-31 18:06:00,3.0,187.0
2021-03-31 18:12:00,2.9,188.0
2021-03-31 18:18:00,2.8,193.0
2021-03-31 18:24:00,3.1,199.0
2021-03-31 18:30:00,3.0,205.0
2021-03-31 18:36:00,2.4,228.0
2021-03-31 18:42:00,3.5,241.0
2021-03-31 18:48:00,3.4,242.0
2021-03-31 18:54:00,3.5,239.0
2021-03-31 19:00:00,3.6,235.0
2021-03-31 19:06:00,3.2,233.0
2021-03-31 19:12:00,4.1,241.0
2021-03-31 19:18:00,3.4,244.0
2021-03-31 19:24:00,3.3,250.0
2021-03-31 19:30:00,3.6,259.0
2021-03-31 19:36:00,3.5,261.0
2021-03-31 19:42:00,3.7,259.0
2021-03-31 19:48:00,3.6,258.0
2021-03-31 19:54:00,3.4,259.0
2021-03-31 20:00:00,3.6,260.0
2021-03-31 20:06:00,3.2,257.0
2021-03-31 20:12:00,3.3,264.0
2021-03-31 20:18:00,3.6,269.0
2021-03-31 20:24:00,3.9,269.0
2021-03-31 20:30:00,4.1,270.0
2021-03-31 20:36:00,4.6,272.0
2021-03-31 20:42:00,4.5,270.0
2021-03-31 20:48:00,4.9,259.0
2021-03-31 20:54:00,5.3,254.0
2021-03-31 21:00:00,5.3,250.0
2021-03-31 21:06:00,6.1,255.0
2021-03-31 21:12:00,5.5,255.0
2021-03-31 21:18:00,4.8,249.0
2021-03-31 21:24:00,4.4,248.0
2021-03-31 21:30:00,4.3,248.0
2021-03-31 21:36:00,3.9,242.0
2021-03-31 21:42:00,3.9,241.0
2021-03-31 21:48:00,4.1,238.0
2021-03-31 21:54:00,4.1,237.0
2021-03-31 22:00:00,4.2,244.0
2021-03-31 22:06:00,3.7,245.0
2021-03-31 22:12:00,3.4,242.0
2021-03-31 22:18:00,3.0,236.0
2021-03-31 22:24:00,4.7,263.0
2021-03-31 22:30:00,6.8,266.0
2021-03-31 22:36:00,6.6,270.0
2021-03-31 22:42:00,7.5,291.0
2021-03-31 22:48:00,10.1,319.0
2021-03-31 22:54:00,10.7,316.0
2021-03-31 23:00:00,14.2,318.0
2021-03-31 23:06:00,14.5,323.0
2021-03-31 23:12:00,12.9,322.0
2021-03-31 23:18:00,13.0,323.0
2021-03-31 23:24:00,12.8,326.0
2021-03-31 23:30:00,14.5,329.0
2021-03-31 23:36:00,12.5,329.0
2021-03-31 23:42:00,13.0,330.0
2021-03-31 23:48:00,13.6,334.0
2021-03-31 23:54:00,13.7,330.0
2021-04-01 00:00:00,14.8,329.0
2021-04-01 00:06:00,13.9,328.0
2021-04-01 00:12:00,12.7,337.0
2021-04-01 00:18:00,14.6,336.0
2021-04-01 00:24:00,13.3,342.0
2021-04-01 00:30:00,14.1,338.0
2021-04-01 00:36:00,14.2,336.0
2021-04-01 00:42:00,14.8,342.0
2021-04-01 00:48:00,15.0,335.0
2021-04-01 00:54:00,13.0,339.0
2021-04-01 01:00:00,13.7,344.0
2021-04-01 01:06:00,14.0,337.0
2021-04-01 01:12:00,14.5,343.0
2021-04-01 01:18:00,13.4,340.0
2021-04-01 01:24:00,13.4,341.0
2021-04-01 01:30:00,13.5,339.0
2021-04-01 01:36:00,13.2,341.0
2021-04-01 01:42:00,10.8,341.0
2021-04-01 01:48:00,12.3,341.0
2021-04-01 01:54:00,12.5,345.0
2021-04-01 02:00:00,13.1,339.0
2021-04-01 02:06:00,12.9,342.0
2021-04-01 02:12:00,11.6,341.0
2021-04-01 02:18:00,12.0,340.0
2021-04-01 02:24:00,11.5,342.0
2021-04-01 02:30:00,11.8,339.0
2021-04-01 02:36:00,11.8,341.0
2021-04-01 02:42:00,11.9,343.0
2021-04-01 02:48:00,12.9,340.0
2021-04-01 02:54:00,10.9,345.0
2021-04-01 03:00:00,11.8,350.0
2021-04-01 03:06:00,11.9,348.0
2021-04-01 03:12:00,11.9,344.0
2021-04-01 03:18:00,11.8,337.0
2021-04-01 03:24:00,11.9,344.0
2021-04-01 03:30:00,11.8,346.0
2021-04-01 03:36:00,11.3,341.0
2021-04-01 03:42:00,12.8,348.0
2021-04-01 03:48:00,13.5,348.0
2021-04-01 03:54:00,10.7,344.0
2021-04-01 04:00:00,11.7,345.0
2021-04-01 04:06:00,11.6,347.0
2021-04-01 04:12:00,10.8,346.0
2021-04-01 04:18:00,12.5,347.0
2021-04-01 04:24:00,11.3,345.0
2021-04-01 04:30:00,10.2,348.0
2021-04-01 04:36:00,10.6,345.0
2021-04-01 04:42:00,9.3,347.0
2021-04-01 04:48:00,8.7,341.0
2021-04-01 04:54:00,9.5,344.0
2021-04-01 05:00:00,9.9,340.0
2021-04-01 05:06:00,12.0,348.0
2021-04-01 05:12:00,11.5,342.0
2021-04-01 05:18:00,11.1,345.0
2021-04-01 05:24:00,11.2,346.0
2021-04-01 05:30:00,11.0,343.0
2021-04-01 05:36:00,13.3,346.0
2021-04-01 05:42:00,12.6,356.0
2021-04-01 05:48:00,12.5,352.0
2021-04-01 05:54:00,14.5,343.0
2021-04-01 06:00:00,11.1,344.0
2021-04-01 06:06:00,10.7,345.0
2021-04-01 06:12:00,11.4,346.0
2021-04-01 06:18:00,12.4,348.0
2021-04-01 06:24:00,11.8,345.0
2021-04-01 06:30:00,12.3,350.0
2021-04-01 06:36:00,12.5,342.0
2021-04-01 06:42:00,11.9,348.0
2021-04-01 06:48:00,12.4,344.0
2021-04-01 06:54:00,15.0,348.0
2021-04-01 07:00:00,11.9,354.0
2021-04-01 07:06:00,11.3,345.0
2021-04-01 07:12:00,13.2,348.0
2021-04-01 07:18:00,14.7,351.0
2021-04-01 07:24:00,15.3,353.0
2021-04-01 07:30:00,12.6,358.0
2021-04-01 07:36:00,14.6,352.0
2021-04-01 07:42:00,12.8,352.0
2021-04-01 07:48:00,13.3,350.0
2021-04-01 07:54:00,13.7,346.0
2021-04-01 08:00:00,12.6,350.0
2021-04-01 08:06:00,12.6,345.0
2021-04-01 08:12:00,12.3,344.0
2021-04-01 08:18:00,10.9,346.0
2021-04-01 08:24:00,11.7,344.0
2021-04-01 08:30:00,11.5,345.0
2021-04-01 08:36:00,11.6,349.0
2021-04-01 08:42:00,11.4,348.0
2021-04-01 08:48:00,11.4,351.0
2021-04-01 08:54:00,13.7,353.0
2021-04-01 09:00:00,14.0,357.0
2021-04-01 09:06:00,14.6,356.0
2021-04-01 09:12:00,15.1,360.0
2021-04-01 09:18:00,12.1,355.0
2021-04-01 09:24:00,13.0,352.0
2021-04-01 09:30:00,11.7,352.0
2021-04-01 09:36:00,10.6,350.0
2021-04-01 09:42:00,13.2,355.0
2021-04-01 09:48:00,12.3,350.0
2021-04-01 09:54:00,14.3,356.0
2021-04-01 10:00:00,13.3,345.0
2021-04-01 10:06:00,11.8,347.0
2021-04-01 10:12:00,9.2,350.0
2021-04-01 10:18:00,9.9,342.0
2021-04-01 10:24:00,11.6,350.0
2021-04-01 10:30:00,10.2,343.0
2021-04-01 10:36:00,11.0,346.0
2021-04-01 10:42:00,10.4,343.0
2021-04-01 10:48:00,11.1,346.0
2021-04-01 10:54:00,11.3,344.0
2021-04-01 11:00:00,10.9,349.0
2021-04-01 11:06:00,11.2,346.0
2021-04-01 11:12:00,11.5,348.0
2021-04-01 11:18:00,12.1,349.0
2021-04-01 11:24:00,12.6,351.0
2021-04-01 11:30:00,10.8,346.0
2021-04-01 11:36:00,11.4,348.0
2021-04-01 11:42:00,11.9,351.0
2021-04-01 11:48:00,12.9,346.0
2021-04-01 11:54:00,11.8,349.0
2021-04-01 12:00:00,11.5,348.0
2021-04-01 12:06:00,12.1,346.0
2021-04-01 12:12:00,12.3,354.0
2021-04-01 12:18:00,11.1,353.0
2021-04-01 12:24:00,12.7,358.0
2021-04-01 12:30:00,12.4,352.0
2021-04-01 12:36:00,10.6,358.0
2021-04-01 12:42:00,12.0,358.0
2021-04-01 12:48:00,11.4,351.0
2021-04-01 12:54:00,10.6,355.0
2021-04-01 13:00:00,10.4,352.0
2021-04-01 13:06:00,10.8,349.0
2021-04-01 13:12:00,11.2,353.0
2021-04-01 13:18:00,13.1,353.0
2021-04-01 13:24:00,13.4,356.0
2021-04-01 13:30:00,13.1,356.0
2021-04-01 13:36:00,12.2,359.0
2021-04-01 13:42:00,12.9,356.0
2021-04-01 13:48:00,12.1,360.0
2021-04-01 13:54:00,12.0,360.0
2021-04-01 14:00:00,13.0,354.0
2021-04-01 14:06:00,12.1,351.0
2021-04-01 14:12:00,12.0,356.0
2021-04-01 14:18:00,11.3,2.0
2021-04-01 14:24:00,11.4,1.0
2021-04-01 14:30:00,12.3,2.0
2021-04-01 14:36:00,12.3,4.0
2021-04-01 14:42:00,12.2,3.0
2021-04-01 14:48:00,11.4,3.0
2021-04-01 14:54:00,11.5,5.0
2021-04-01 15:00:00,11.5,358.0
2021-04-01 15:06:00,11.8,355.0
2021-04-01 15:12:00,12.2,359.0
2021-04-01 15:18:00,13.4,356.0
2021-04-01 15:24:00,12.8,357.0
2021-04-01 15:30:00,11.9,359.0
2021-04-01 15:36:00,11.4,358.0
2021-04-01 15:42:00,12.2,352.0
2021-04-01 15:48:00,12.9,353.0
2021-04-01 15:54:00,11.9,355.0
2021-04-01 16:00:00,13.0,354.0
2021-04-01 16:06:00,12.0,356.0
2021-04-01 16:12:00,12.3,1.0
2021-04-01 16:18:00,11.5,0.0
2021-04-01 16:24:00,11.7,2.0
2021-04-01 16:30:00,10.1,354.0
2021-04-01 16:36:00,12.0,348.0
2021-04-01 16:42:00,10.4,342.0
2021-04-01 16:48:00,9.6,354.0
2021-04-01 16:54:00,10.5,359.0
2021-04-01 17:00:00,9.0,351.0
2021-04-01 17:06:00,10.5,349.0
2021-04-01 17:12:00,10.4,357.0
2021-04-01 17:18:00,11.3,354.0
2021-04-01 17:24:00,10.8,350.0
2021-04-01 17:30:00,10.9,352.0
2021-04-01 17:36:00,9.3,350.0
2021-04-01 17:42:00,11.0,346.0
2021-04-01 17:48:00,8.2,348.0
2021-04-01 17:54:00,8.8,347.0
2021-04-01 18:00:00,8.6,344.0
2021-04-01 18:06:00,8.3,350.0
2021-04-01 18:12:00,9.1,356.0
2021-04-01 18:18:00,8.1,346.0
2021-04-01 18:24:00,8.3,344.0
2021-04-01 18:30:00,8.7,339.0
2021-04-01 18:36:00,8.6,350.0
2021-04-01 18:42:00,9.1,342.0
2021-04-01 18:48:00,8.9,343.0
2021-04-01 18:54:00,8.5,348.0
2021-04-01 19:00:00,8.0,341.0
2021-04-01 19:06:00,9.3,328.0
2021-04-01 19:12:00,8.4,326.0
2021-04-01 19:18:00,7.7,337.0
2021-04-01 19:24:00,7.4,325.0
2021-04-01 19:30:00,9.2,328.0
2021-04-01 19:36:00,9.3,334.0
2021-04-01 19:42:00,8.3,329.0
2021-04-01 19:48:00,6.4,342.0
2021-04-01 19:54:00,8.2,330.0
2021-04-01 20:00:00,7.1,336.0
2021-04-01 20:06:00,6.9,340.0
2021-04-01 20:12:00,9.0,328.0
2021-04-01 20:18:00,7.8,329.0
2021-04-01 20:24:00,8.6,332.0
2021-04-01 20:30:00,9.0,332.0
2021-04-01 20:36:00,6.6,334.0
2021-04-01 20:42:00,7.8,325.0
2021-04-01 20:48:00,7.4,329.0
2021-04-01 20:54:00,7.4,334.0
2021-04-01 21:00:00,7.9,324.0
2021-04-01 21:06:00,8.0,325.0
2021-04-01 21:12:00,8.7,318.0
2021-04-01 21:18:00,8.1,314.0
2021-04-01 21:24:00,8.9,322.0
2021-04-01 21:30:00,7.3,334.0
2021-04-01 21:36:00,6.4,332.0
2021-04-01 21:42:00,8.1,319.0
2021-04-01 21:48:00,7.8,322.0
2021-04-01 21:54:00,8.2,317.0
2021-04-01 22:00:00,9.0,334.0
2021-04-01 22:06:00,7.2,328.0
2021-04-01 22:12:00,8.5,314.0
2021-04-01 22:18:00,7.2,330.0
2021-04-01 22:24:00,7.7,323.0
2021-04-01 22:30:00,7.0,322.0
2021-04-01 22:36:00,8.7,328.0
2021-04-01 22:42:00,8.2,334.0
2021-04-01 22:48:00,7.2,325.0
2021-04-01 22:54:00,6.8,325.0
2021-04-01 23:00:00,8.5,322.0
2021-04-01 23:06:00,8.1,322.0
2021-04-01 23:12:00,6.5,334.0
2021-04-01 23:18:00,6.4,335.0
2021-04-01 23:24:00,6.8,335.0
2021-04-01 23:30:00,8.2,335.0
2021-04-01 23:36:00,7.4,328.0
2021-04-01 23:42:00,8.0,334.0
2021-04-01 23:48:00,6.7,331.0
2021-04-01 23:54:00,7.5,330.0
2021-04-02 00:00:00,7.3,333.0
2021-04-02 00:06:00,8.2,307.0
2021-04-02 00:12:00,8.7,307.0
2021-04-02 00:18:00,9.2,307.0
2021-04-02 00:24:00,7.4,311.0
2021-04-02 00:30:00,9.2,305.0
2021-04-02 00:36:00,9.4,306.0
2021-04-02 00:42:00,9.6,306.0
2021-04-02 00:48:00,8.6,309.0
2021-04-02 00:54:00,8.9,307.0
2021-04-02 01:00:00,8.3,302.0
2021-04-02 01:06:00,8.7,304.0
2021-04-02 01:12:00,7.9,304.0
2021-04-02 01:18:00,8.8,304.0
2021-04-02 01:24:00,9.1,306.0
2021-04-02 01:30:00,8.5,307.0
2021-04-02 01:36:00,10.0,308.0
2021-04-02 01:42:00,9.1,309.0
2021-04-02 01:48:00,9.2,310.0
2021-04-02 01:54:00,9.2,308.0
2021-04-02 02:00:00,8.2,310.0
2021-04-02 02:06:00,9.8,311.0
2021-04-02 02:12:00,9.4,308.0
2021-04-02 02:18:00,8.1,312.0
2021-04-02 02:24:00,7.7,311.0
2021-04-02 02:30:00,8.5,314.0
2021-04-02 02:36:00,8.2,312.0
2021-04-02 02:42:00,7.5,314.0
2021-04-02 02:48:00,8.1,315.0
2021-04-02 02:54:00,7.7,318.0
2021-04-02 03:00:00,7.9,322.0
2021-04-02 03:06:00,7.3,324.0
2021-04-02 03:12:00,7.1,323.0
2021-04-02 03:18:00,7.7,325.0
2021-04-02 03:24:00,7.7,329.0
2021-04-02 03:30:00,7.5,331.0
2021-04-02 03:36:00,8.5,331.0
2021-04-02 03:42:00,7.4,330.0
2021-04-02 03:48:00,7.6,332.0
2021-04-02 03:54:00,8.2,333.0
2021-04-02 04:00:00,10.0,335.0
2021-04-02 04:06:00,8.7,338.0
2021-04-02 04:12:00,8.4,340.0
2021-04-02 04:18:00,9.2,342.0
2021-04-02 04:24:00,7.9,344.0
2021-04-02 04:30:00,8.9,341.0
2021-04-02 04:36:00,8.7,339.0
2021-04-02 04:42:00,9.4,340.0
2021-04-02 04:48:00,9.3,340.0
2021-04-02 04:54:00,9.1,341.0
2021-04-02 05:00:00,9.1,342.0
2021-04-02 05:06:00,9.6,341.0
2021-04-02 05:12:00,9.0,344.0
2021-04-02 05:18:00,8.5,343.0
2021-04-02 05:24:00,8.8,344.0
2021-04-02 05:30:00,8.9,348.0
2021-04-02 05:36:00,8.3,345.0
2021-04-02 05:42:00,8.5,346.0
2021-04-02 05:48:00,8.6,344.0
2021-04-02 05:54:00,10.4,351.0
2021-04-02 06:00:00,9.7,354.0
2021-04-02 06:06:00,9.4,350.0
2021-04-02 06:12:00,9.4,350.0
2021-04-02 06:18:00,9.0,352.0
2021-04-02 06:24:00,8.8,349.0
2021-04-02 06:30:00,7.8,351.0
2021-04-02 06:36:00,8.4,347.0
2021-04-02 06:42:00,10.5,356.0
2021-04-02 06:48:00,9.0,350.0
2021-04-02 06:54:00,8.4,346.0
2021-04-02 07:00:00,9.3,356.0
2021-04-02 07:06:00,9.1,352.0
2021-04-02 07:12:00,8.4,348.0
2021-04-02 07:18:00,8.9,355.0
2021-04-02 07:24:00,9.3,354.0
2021-04-02 07:30:00,8.4,358.0
2021-04-02 07:36:00,8.0,355.0
2021-04-02 07:42:00,8.2,354.0
2021-04-02 07:48:00,8.6,351.0
2021-04-02 07:54:00,8.0,356.0
2021-04-02 08:00:00,7.8,355.0
2021-04-02 08:06:00,8.5,358.0
2021-04-02 08:12:00,8.2,357.0
2021-04-02 08:18:00,8.0,360.0
2021-04-02 08:24:00,9.9,356.0
2021-04-02 08:30:00,8.8,351.0
2021-04-02 08:36:00,8.6,356.0
2021-04-02 08:42:00,8.9,353.0
2021-04-02 08:48:00,9.8,357.0
2021-04-02 08:54:00,9.6,355.0
2021-04-02 09:00:00,9.6,1.0
2021-04-02 09:06:00,10.2,6.0
2021-04-02 09:12:00,10.0,4.0
2021-04-02 09:18:00,10.5,5.0
2021-04-02 09:24:00,10.2,1.0
2021-04-02 09:30:00,10.4,7.0
2021-04-02 09:36:00,9.7,8.0
2021-04-02 09:42:00,9.8,5.0
2021-04-02 09:48:00,9.7,10.0
2021-04-02 09:54:00,9.5,4.0
2021-04-02 10:00:00,8.8,6.0
2021-04-02 10:06:00,8.9,7.0
2021-04-02 10:12:00,9.1,11.0
2021-04-02 10:18:00,9.1,8.0
2021-04-02 10:24:00,9.0,9.0
2021-04-02 10:30:00,8.4,8.0
2021-04-02 10:36:00,8.8,5.0
2021-04-02 10:42:00,8.3,5.0
2021-04-02 10:48:00,8.1,8.0
2021-04-02 10:54:00,8.2,10.0
2021-04-02 11:00:00,8.3,4.0
2021-04-02 11:06:00,8.1,6.0
2021-04-02 11:12:00,8.5,4.0
2021-04-02 11:18:00,8.6,8.0
2021-04-02 11:24:00,8.3,8.0
2021-04-02 11:30:00,7.9,10.0
2021-04-02 11:36:00,7.3,8.0
2021-04-02 11:42:00,7.7,3.0
2021-04-02 11:48:00,8.0,11.0
2021-04-02 11:54:00,7.5,2.0
2021-04-02 12:00:00,7.5,5.0
2021-04-02 12:06:00,7.2,3.0
2021-04-02 12:12:00,7.7,3.0
2021-04-02 12:18:00,7.1,358.0
2021-04-02 12:24:00,7.2,355.0
2021-04-02 12:30:00,6.9,1.0
2021-04-02 12:36:00,7.3,358.0
2021-04-02 12:42:00,7.3,2.0
2021-04-02 12:48:00,7.8,5.0
2021-04-02 12:54:00,7.8,6.0
2021-04-02 13:00:00,8.3,7.0
2021-04-02 13:06:00,8.2,7.0
2021-04-02 13:12:00,8.9,8.0
2021-04-02 13:18:00,8.3,9.0
2021-04-02 13:24:00,8.9,9.0
2021-04-02 13:30:00,9.2,17.0
2021-04-02 13:36:00,9.4,11.0
2021-04-02 13:42:00,8.9,8.0
2021-04-02 13:48:00,8.7,15.0
2021-04-02 13:54:00,8.3,22.0
2021-04-02 14:00:00,8.8,18.0
2021-04-02 14:06:00,9.2,12.0
2021-04-02 14:12:00,8.8,20.0
2021-04-02 14:18:00,8.3,29.0
2021-04-02 14:24:00,8.0,29.0
2021-04-02 14:30:00,7.8,31.0
2021-04-02 14:36:00,7.6,24.0
2021-04-02 14:42:00,8.2,36.0
2021-04-02 14:48:00,8.9,19.0
2021-04-02 14:54:00,8.3,27.0
2021-04-02 15:00:00,7.9,27.0
2021-04-02 15:06:00,7.2,33.0
2021-04-02 15:12:00,7.5,23.0
2021-04-02 15:18:00,7.2,33.0
2021-04-02 15:24:00,7.0,36.0
2021-04-02 15:30:00,6.5,33.0
2021-04-02 15:36:00,7.5,28.0
2021-04-02 15:42:00,6.5,33.0
2021-04-02 15:48:00,6.0,32.0
2021-04-02 15:54:00,6.4,33.0
2021-04-02 16:00:00,6.0,36.0
2021-04-02 16:06:00,5.4,16.0
2021-04-02 16:12:00,4.7,28.0
2021-04-02 16:18:00,6.6,30.0
2021-04-02 16:24:00,6.1,36.0
2021-04-02 16:30:00,5.9,11.0
2021-04-02 16:36:00,6.7,24.0
2021-04-02 16:42:00,6.7,40.0
2021-04-02 16:48:00,6.6,32.0
2021-04-02 16:54:00,5.3,11.0
2021-04-02 17:00:00,6.0,34.0
2021-04-02 17:06:00,5.4,30.0
2021-04-02 17:12:00,6.0,39.0
2021-04-02 17:18:00,4.8,49.0
2021-04-02 17:24:00,5.4,33.0
2021-04-02 17:30:00,4.3,22.0
2021-04-02 17:36:00,5.0,32.0
2021-04-02 17:42:00,4.1,48.0
2021-04-02 17:48:00,5.9,48.0
2021-04-02 17:54:00,4.1,56.0
2021-04-02 18:00:00,4.9,44.0
2021-04-02 18:06:00,3.7,41.0
2021-04-02 18:12:00,3.8,61.0
2021-04-02 18:18:00,4.5,41.0
2021-04-02 18:24:00,2.2,43.0
2021-04-02 18:30:00,4.6,39.0
2021-04-02 18:36:00,3.9,48.0
2021-04-02 18:42:00,3.6,44.0
2021-04-02 18:48:00,3.3,52.0
2021-04-02 18:54:00,4.4,50.0
2021-04-02 19:00:00,3.0,49.0
2021-04-02 19:06:00,3.2,44.0
2021-04-02 19:12:00,3.3,62.0
2021-04-02 19:18:00,3.3,43.0
2021-04-02 19:24:00,4.1,51.0
2021-04-02 19:30:00,3.6,56.0
2021-04-02 19:36:00,3.6,49.0
2021-04-02 19:42:00,4.6,38.0
2021-04-02 19:48:00,3.8,48.0
2021-04-02 19:54:00,3.4,47.0
2021-04-02 20:00:00,3.8,44.0
2021-04-02 20:06:00,3.1,37.0
2021-04-02 20:12:00,2.8,42.0
2021-04-02 20:18:00,2.1,48.0
2021-04-02 20:24:00,2.8,36.0
2021-04-02 20:30:00,3.6,39.0
2021-04-02 20:36:00,3.6,43.0
2021-04-02 20:42:00,4.2,54.0
2021-04-02 20:48:00,4.4,55.0
2021-04-02 20:54:00,3.8,56.0
2021-04-02 21:00:00,3.0,54.0
2021-04-02 21:06:00,4.4,49.0
2021-04-02 21:12:00,3.5,45.0
2021-04-02 21:18:00,1.6,41.0
2021-04-02 21:24:00,3.8,52.0
2021-04-02 21:30:00,4.2,55.0
2021-04-02 21:36:00,3.7,38.0
2021-04-02 21:42:00,2.3,42.0
2021-04-02 21:48:00,3.7,48.0
2021-04-02 21:54:00,3.5,48.0
2021-04-02 22:00:00,2.4,48.0
2021-04-02 22:06:00,4.2,44.0
2021-04-02 22:12:00,3.7,51.0
2021-04-02 22:18:00,4.5,39.0
2021-04-02 22:24:00,3.4,41.0
2021-04-02 22:30:00,1.7,49.0
2021-04-02 22:36:00,2.5,37.0
2021-04-02 22:42:00,3.1,31.0
2021-04-02 22:48:00,3.1,46.0
2021-04-02 22:54:00,2.0,31.0
2021-04-02 23:00:00,3.5,45.0
2021-04-02 23:06:00,4.2,38.0
2021-04-02 23:12:00,3.1,28.0
2021-04-02 23:18:00,2.1,32.0
2021-04-02 23:24:00,3.2,41.0
2021-04-02 23:30:00,3.6,38.0
2021-04-02 23:36:00,4.2,40.0
2021-04-02 23:42:00,3.4,32.0
2021-04-02 23:48:00,3.7,46.0
2021-04-02 23:54:00,3.2,30.0
2021-04-03 00:00:00,3.4,32.0
